Location_ID,สาขา,ชื่อสถานที่,lat(เติม),lon(เติม),เบอร์โทร(เติม),ลิงก์แมพ
c5cb821b-651e-4022-a540-d29aa961bba5,SKN,Better way,,,,https://www.google.com/maps/search/?api=1&query=Better%20way%2029HG%2B878
b79fd13a-d024-4457-80d8-d3141e7ede32,SKN,CP ALL คลังไดนามิค บางบัวทอง,,,,https://www.google.com/maps/search/?api=1&query=CP%20ALL%20%E0%B8%84%E0%B8%A5%E0%B8%B1%E0%B8%87%E0%B9%84%E0%B8%94%E0%B8%99%E0%B8%B2%E0%B8%A1%E0%B8%B4%E0%B8%84%20%E0%B8%9A%E0%B8%B2%E0%B8%87%E0%B8%9A%E0%B8%B1%E0%B8%A7%E0%B8%97%E0%B8%AD%E0%B8%87%202995%2BVW6
8f20368d-e555-4f64-b2ed-f21792310a43,SKN,CP ALL คลังออนไลน์ บางบัวทอง,,,,https://www.google.com/maps/search/?api=1&query=CP%20ALL%20%E0%B8%84%E0%B8%A5%E0%B8%B1%E0%B8%87%E0%B8%AD%E0%B8%AD%E0%B8%99%E0%B9%84%E0%B8%A5%E0%B8%99%E0%B9%8C%20%E0%B8%9A%E0%B8%B2%E0%B8%87%E0%B8%9A%E0%B8%B1%E0%B8%A7%E0%B8%97%E0%B8%AD%E0%B8%87%202995%2BVW6
314275c0-b954-443e-a7f3-872049572ae6,SKN,DC-ดูโฮม  ธัญบุรี,,,,https://www.google.com/maps/search/?api=1&query=DC-%E0%B8%94%E0%B8%B9%E0%B9%82%E0%B8%AE%E0%B8%A1%20%E0%B8%98%E0%B8%B1%E0%B8%8D%E0%B8%9A%E0%B8%B8%E0%B8%A3%E0%B8%B5%20XPPX%2BRHG
3db495e0-8631-476d-810a-97fd06b649b1,SKN,KSLเทพารักษ์,,,,https://www.google.com/maps/search/?api=1&query=KSL%E0%B9%80%E0%B8%97%E0%B8%9E%E0%B8%B2%E0%B8%A3%E0%B8%B1%E0%B8%81%E0%B8%A9%E0%B9%8C%20JJFQ%2B3C4%203003
04f6f6fd-583a-4020-8ff4-50b5ca4d4171,SKN,PET HOME,,,,https://www.google.com/maps/search/?api=1&query=PET%20HOME%20%E0%B9%80%E0%B8%A5%E0%B8%82%E0%B8%97%E0%B8%B5%E0%B9%8877/318%E0%B8%AB%E0%B8%A1%E0%B8%B9%E0%B9%88%E0%B8%97%E0%B8%B5%E0%B9%885
f895caae-fa20-4d3c-a438-dca1d64a4243,SKN,PET LOVE STORE,,,,https://www.google.com/maps/search/?api=1&query=PET%20LOVE%20STORE%20%E0%B9%80%E0%B8%A5%E0%B8%82%E0%B8%97%E0%B8%B5%E0%B9%885/19%E0%B8%AB%E0%B8%A1%E0%B8%B9%E0%B9%88%E0%B8%97%E0%B8%B5%E0%B9%8814
aa49b5f5-3960-4528-84d2-380789ec4c28,SKN,PORNARONG PETSHOP,,,,https://www.google.com/maps/search/?api=1&query=PORNARONG%20PETSHOP%20%E0%B9%80%E0%B8%A5%E0%B8%82%E0%B8%97%E0%B8%B5%E0%B9%8850/1%E0%B8%AB%E0%B8%A1%E0%B8%B9%E0%B9%886%E0%B8%8B.%E0%B8%AA%E0%B8%B8%E0%B8%82%E0%B8%AA%E0%B8%A7%E0%B8%B1%E0%B8%AA%E0%B8%94%E0%B8%B4%E0%B9%8C76%E0%B8%96.%E0%B8%AA%E0%B8%B8%E0%B8%82%E0%B8%AA%E0%B8%A7%E0%B8%B1%E0%B8%AA%E0%B8%94%E0%B8%B4%E0%B9%8C
64fcc42e-016c-4399-832c-5b58be0cbc46,SKN,TWO SIS CATSHOP,,,,https://www.google.com/maps/search/?api=1&query=TWO%20SIS%20CATSHOP%20%E0%B9%80%E0%B8%A5%E0%B8%82%E0%B8%97%E0%B8%B5%E0%B9%889%E0%B8%AB%E0%B8%A1%E0%B8%B9%E0%B9%88%E0%B8%97%E0%B8%B5%E0%B9%881
d8702547-6a04-410d-8b92-3ce4ba3691e4,SKN,We.our pet shop,,,,https://www.google.com/maps/search/?api=1&query=We.our%20pet%20shop%20%E0%B9%80%E0%B8%A5%E0%B8%82%E0%B8%97%E0%B8%B5%E0%B9%88467%E0%B8%AB%E0%B8%A1%E0%B8%B9%E0%B9%88%E0%B8%97%E0%B8%B5%E0%B9%8810%E0%B8%96%E0%B8%99%E0%B8%99%E0%B8%9B%E0%B8%A3%E0%B8%B0%E0%B8%8A%E0%B8%B2%E0%B8%AD%E0%B8%B8%E0%B8%97%E0%B8%B4%E0%B8%A8-%E0%B8%84%E0%B8%B9%E0%B9%88%E0%B8%AA%E0%B8%A3%E0%B9%89%E0%B8%B2%E0%B8%87467%E0%B8%AB%E0%B8%A1%E0%B8%B9%E0%B9%8810
fb6df1ff-6ab1-49bb-8b35-6e3b1b342d6f,SKN,กัปตัน เพ็ทช็อป,,,,https://www.google.com/maps/search/?api=1&query=%E0%B8%81%E0%B8%B1%E0%B8%9B%E0%B8%95%E0%B8%B1%E0%B8%99%20%E0%B9%80%E0%B8%9E%E0%B9%87%E0%B8%97%E0%B8%8A%E0%B9%87%E0%B8%AD%E0%B8%9B%20%E0%B9%80%E0%B8%A5%E0%B8%82%E0%B8%97%E0%B8%B5%E0%B9%8865/3%E0%B8%AB%E0%B8%A1%E0%B8%B9%E0%B9%885%E0%B8%96.%E0%B8%A5%E0%B8%B3%E0%B8%A5%E0%B8%B9%E0%B8%81%E0%B8%81%E0%B8%B2
8a314702-2ab1-4abe-a8a9-97288dc336cd,SKN,กานดา ซุปเปอร์มาร์ท,,,,https://www.google.com/maps/search/?api=1&query=%E0%B8%81%E0%B8%B2%E0%B8%99%E0%B8%94%E0%B8%B2%20%E0%B8%8B%E0%B8%B8%E0%B8%9B%E0%B9%80%E0%B8%9B%E0%B8%AD%E0%B8%A3%E0%B9%8C%E0%B8%A1%E0%B8%B2%E0%B8%A3%E0%B9%8C%E0%B8%97%20%E0%B9%80%E0%B8%A5%E0%B8%82%E0%B8%97%E0%B8%B5%E0%B9%8873/43
a53bd73c-2083-4737-bcb8-75e76a6a109f,SKN,โกดังร้านพรวศินเพ็ทช็อป,,,,https://www.google.com/maps/search/?api=1&query=%E0%B9%82%E0%B8%81%E0%B8%94%E0%B8%B1%E0%B8%87%E0%B8%A3%E0%B9%89%E0%B8%B2%E0%B8%99%E0%B8%9E%E0%B8%A3%E0%B8%A7%E0%B8%A8%E0%B8%B4%E0%B8%99%E0%B9%80%E0%B8%9E%E0%B9%87%E0%B8%97%E0%B8%8A%E0%B9%87%E0%B8%AD%E0%B8%9B%2075%E0%B8%AB%E0%B8%A1%E0%B8%B9%E0%B9%885
4987a8da-ecba-443d-bcd6-2aea1ff69224,SKN,โกดังใหม่ บริษัท ขายดีเฮงปัง 168 จำกัด,,,,https://www.google.com/maps/search/?api=1&query=%E0%B9%82%E0%B8%81%E0%B8%94%E0%B8%B1%E0%B8%87%E0%B9%83%E0%B8%AB%E0%B8%A1%E0%B9%88%20%E0%B8%9A%E0%B8%A3%E0%B8%B4%E0%B8%A9%E0%B8%B1%E0%B8%97%20%E0%B8%82%E0%B8%B2%E0%B8%A2%E0%B8%94%E0%B8%B5%E0%B9%80%E0%B8%AE%E0%B8%87%E0%B8%9B%E0%B8%B1%E0%B8%87%20168%20%E0%B8%88%E0%B8%B3%E0%B8%81%E0%B8%B1%E0%B8%94%2027/9%E0%B8%AB%E0%B8%A1%E0%B8%B9%E0%B9%882
62ef73ee-e42f-4de6-a509-60e8725e966c,SKN,ข้าวหอมการเกษตร,,,,https://www.google.com/maps/search/?api=1&query=%E0%B8%82%E0%B9%89%E0%B8%B2%E0%B8%A7%E0%B8%AB%E0%B8%AD%E0%B8%A1%E0%B8%81%E0%B8%B2%E0%B8%A3%E0%B9%80%E0%B8%81%E0%B8%A9%E0%B8%95%E0%B8%A3%20%E0%B9%80%E0%B8%A5%E0%B8%82%E0%B8%97%E0%B8%B5%E0%B9%8823/7%E0%B8%AB%E0%B8%A1%E0%B8%B9%E0%B9%88%E0%B8%97%E0%B8%B5%E0%B9%886
2948d8ad-67ce-41b1-8969-0d8f34906f5d,SKN,คิงออฟเพ็ท นครอินทร์,,,,https://www.google.com/maps/search/?api=1&query=%E0%B8%84%E0%B8%B4%E0%B8%87%E0%B8%AD%E0%B8%AD%E0%B8%9F%E0%B9%80%E0%B8%9E%E0%B9%87%E0%B8%97%20%E0%B8%99%E0%B8%84%E0%B8%A3%E0%B8%AD%E0%B8%B4%E0%B8%99%E0%B8%97%E0%B8%A3%E0%B9%8C%2018/168
8696f81c-7265-497b-a79c-bc9d61accd3b,SKN,คุณ ทัศน์พล  บัวจันทร์,,,,https://www.google.com/maps/search/?api=1&query=%E0%B8%84%E0%B8%B8%E0%B8%93%20%E0%B8%97%E0%B8%B1%E0%B8%A8%E0%B8%99%E0%B9%8C%E0%B8%9E%E0%B8%A5%20%E0%B8%9A%E0%B8%B1%E0%B8%A7%E0%B8%88%E0%B8%B1%E0%B8%99%E0%B8%97%E0%B8%A3%E0%B9%8C%2081/6%E0%B8%A1.9%E0%B8%96.%E0%B9%80%E0%B8%97%E0%B8%9E%E0%B8%B2%E0%B8%A3%E0%B8%B1%E0%B8%81%E0%B8%A9%E0%B9%8C
7a4f6e37-069e-4e3e-b4b2-32112956df0e,SKN,คุณ สิทธิพร บัวจันทร์,,,,https://www.google.com/maps/search/?api=1&query=%E0%B8%84%E0%B8%B8%E0%B8%93%20%E0%B8%AA%E0%B8%B4%E0%B8%97%E0%B8%98%E0%B8%B4%E0%B8%9E%E0%B8%A3%20%E0%B8%9A%E0%B8%B1%E0%B8%A7%E0%B8%88%E0%B8%B1%E0%B8%99%E0%B8%97%E0%B8%A3%E0%B9%8C%2026/64%E0%B8%AB%E0%B8%A1%E0%B8%B9%E0%B9%887%E0%B8%96.%E0%B8%81%E0%B8%B4%E0%B9%88%E0%B8%87%E0%B9%81%E0%B8%81%E0%B9%89%E0%B8%A7
d835d8bf-1120-467f-b5e1-32f6e1c773ea,SKN,คุณฐิติพงศ์ แท่นทอง,,,,https://www.google.com/maps/search/?api=1&query=%E0%B8%84%E0%B8%B8%E0%B8%93%E0%B8%90%E0%B8%B4%E0%B8%95%E0%B8%B4%E0%B8%9E%E0%B8%87%E0%B8%A8%E0%B9%8C%20%E0%B9%81%E0%B8%97%E0%B9%88%E0%B8%99%E0%B8%97%E0%B8%AD%E0%B8%87%20193%E0%B8%A1.1%E0%B8%96.%E0%B8%A3%E0%B8%B1%E0%B8%87%E0%B8%AA%E0%B8%B4%E0%B8%95-%E0%B8%99%E0%B8%84%E0%B8%A3%E0%B8%99%E0%B8%B2%E0%B8%A2%E0%B8%81
586d7996-b3a2-4dd3-8b29-97bb291b81c0,SKN,คุณฐิติพงศ์ แท่นทอง สาขาที่ 9,,,,https://www.google.com/maps/search/?api=1&query=%E0%B8%84%E0%B8%B8%E0%B8%93%E0%B8%90%E0%B8%B4%E0%B8%95%E0%B8%B4%E0%B8%9E%E0%B8%87%E0%B8%A8%E0%B9%8C%20%E0%B9%81%E0%B8%97%E0%B9%88%E0%B8%99%E0%B8%97%E0%B8%AD%E0%B8%87%20%E0%B8%AA%E0%B8%B2%E0%B8%82%E0%B8%B2%E0%B8%97%E0%B8%B5%E0%B9%88%209%2039/7-8%E0%B8%AB%E0%B8%A1%E0%B8%B9%E0%B9%884
e7e2132d-7fc4-4bf5-b63c-e5d9b6585aa7,SKN,คุณฐิติพงศ์ แท่นทอง สาขาธัญบุรีคลอง 8,,,,https://www.google.com/maps/search/?api=1&query=%E0%B8%84%E0%B8%B8%E0%B8%93%E0%B8%90%E0%B8%B4%E0%B8%95%E0%B8%B4%E0%B8%9E%E0%B8%87%E0%B8%A8%E0%B9%8C%20%E0%B9%81%E0%B8%97%E0%B9%88%E0%B8%99%E0%B8%97%E0%B8%AD%E0%B8%87%20%E0%B8%AA%E0%B8%B2%E0%B8%82%E0%B8%B2%E0%B8%98%E0%B8%B1%E0%B8%8D%E0%B8%9A%E0%B8%B8%E0%B8%A3%E0%B8%B5%E0%B8%84%E0%B8%A5%E0%B8%AD%E0%B8%87%208%20193%E0%B8%A1.1%E0%B8%96.%E0%B8%A3%E0%B8%B1%E0%B8%87%E0%B8%AA%E0%B8%B4%E0%B8%95-%E0%B8%99%E0%B8%84%E0%B8%A3%E0%B8%99%E0%B8%B2%E0%B8%A2%E0%B8%81
a0356f8a-fcec-49c5-842d-efe6adfe471f,SKN,คุณดุสิต มณียัง สาขารังสิต 39,,,,https://www.google.com/maps/search/?api=1&query=%E0%B8%84%E0%B8%B8%E0%B8%93%E0%B8%94%E0%B8%B8%E0%B8%AA%E0%B8%B4%E0%B8%95%20%E0%B8%A1%E0%B8%93%E0%B8%B5%E0%B8%A2%E0%B8%B1%E0%B8%87%20%E0%B8%AA%E0%B8%B2%E0%B8%82%E0%B8%B2%E0%B8%A3%E0%B8%B1%E0%B8%87%E0%B8%AA%E0%B8%B4%E0%B8%95%2039%2039%E0%B8%8B%E0%B8%AD%E0%B8%A2%E0%B8%A3%E0%B8%B1%E0%B8%87%E0%B8%AA%E0%B8%B4%E0%B8%95-%E0%B8%99%E0%B8%84%E0%B8%A3%E0%B8%99%E0%B8%B2%E0%B8%A2%E0%B8%8114
ac093e91-671c-49fc-93b8-3ca78ff64d19,SKN,คุณดุสิต มณียัง สาขาราชมงคลคลอง6,,,,https://www.google.com/maps/search/?api=1&query=%E0%B8%84%E0%B8%B8%E0%B8%93%E0%B8%94%E0%B8%B8%E0%B8%AA%E0%B8%B4%E0%B8%95%20%E0%B8%A1%E0%B8%93%E0%B8%B5%E0%B8%A2%E0%B8%B1%E0%B8%87%20%E0%B8%AA%E0%B8%B2%E0%B8%82%E0%B8%B2%E0%B8%A3%E0%B8%B2%E0%B8%8A%E0%B8%A1%E0%B8%87%E0%B8%84%E0%B8%A5%E0%B8%84%E0%B8%A5%E0%B8%AD%E0%B8%876%206/3%E0%B8%AB%E0%B8%A1%E0%B8%B9%E0%B9%882
e31983a5-e337-41de-8765-26d69e8a2d47,SKN,คุณธัณทิชา แก้วใส (ส่งสวนหลวง),,,,https://www.google.com/maps/search/?api=1&query=%E0%B8%84%E0%B8%B8%E0%B8%93%E0%B8%98%E0%B8%B1%E0%B8%93%E0%B8%97%E0%B8%B4%E0%B8%8A%E0%B8%B2%20%E0%B9%81%E0%B8%81%E0%B9%89%E0%B8%A7%E0%B9%83%E0%B8%AA%20%28%E0%B8%AA%E0%B9%88%E0%B8%87%E0%B8%AA%E0%B8%A7%E0%B8%99%E0%B8%AB%E0%B8%A5%E0%B8%A7%E0%B8%87%29%20%E0%B8%9A%E0%B9%89%E0%B8%B2%E0%B8%99%E0%B8%8A%E0%B8%B4%E0%B8%A5%E0%B8%B4%E0%B8%99%20102/164%20%E0%B8%96%E0%B8%99%E0%B8%99%20%E0%B9%80%E0%B8%89%E0%B8%A5%E0%B8%B4%E0%B8%A1%E0%B8%9E%E0%B8%A3%E0%B8%B0%E0%B9%80%E0%B8%81%E0%B8%B5%E0%B8%A2%E0%B8%A3%E0%B8%95%E0%B8%B4%20%E0%B8%A3.9
c99ba2fb-3658-40e6-b44c-cc23b1d33467,SKN,คุณธัณทิชา แก้วใส ปทุมธานี,,,,https://www.google.com/maps/search/?api=1&query=%E0%B8%84%E0%B8%B8%E0%B8%93%E0%B8%98%E0%B8%B1%E0%B8%93%E0%B8%97%E0%B8%B4%E0%B8%8A%E0%B8%B2%20%E0%B9%81%E0%B8%81%E0%B9%89%E0%B8%A7%E0%B9%83%E0%B8%AA%20%E0%B8%9B%E0%B8%97%E0%B8%B8%E0%B8%A1%E0%B8%98%E0%B8%B2%E0%B8%99%E0%B8%B5%20XHQG%2BJF8
c43bbdc5-1af3-441e-b66f-f30780a0ac86,SKN,คุณพรนลัท เชื้อสุข,,,,https://www.google.com/maps/search/?api=1&query=%E0%B8%84%E0%B8%B8%E0%B8%93%E0%B8%9E%E0%B8%A3%E0%B8%99%E0%B8%A5%E0%B8%B1%E0%B8%97%20%E0%B9%80%E0%B8%8A%E0%B8%B7%E0%B9%89%E0%B8%AD%E0%B8%AA%E0%B8%B8%E0%B8%82%2099/120%E0%B8%A1.2
17f4fb33-50cf-4cd3-880a-a19714c4c49c,SKN,คุณสิทธิพร บัวจันทร์,,,,https://www.google.com/maps/search/?api=1&query=%E0%B8%84%E0%B8%B8%E0%B8%93%E0%B8%AA%E0%B8%B4%E0%B8%97%E0%B8%98%E0%B8%B4%E0%B8%9E%E0%B8%A3%20%E0%B8%9A%E0%B8%B1%E0%B8%A7%E0%B8%88%E0%B8%B1%E0%B8%99%E0%B8%97%E0%B8%A3%E0%B9%8C%20%E0%B9%80%E0%B8%A5%E0%B8%82%E0%B8%97%E0%B8%B5%E0%B9%88103/126%E0%B8%AB%E0%B8%A1%E0%B8%B9%E0%B9%88%E0%B8%97%E0%B8%B5%E0%B9%887
22c4b0d8-1360-4c72-b53e-ecb7f87a2cc8,SKN,คุณสุธี วัชรกนกรัชต์,,,,https://www.google.com/maps/search/?api=1&query=%E0%B8%84%E0%B8%B8%E0%B8%93%E0%B8%AA%E0%B8%B8%E0%B8%98%E0%B8%B5%20%E0%B8%A7%E0%B8%B1%E0%B8%8A%E0%B8%A3%E0%B8%81%E0%B8%99%E0%B8%81%E0%B8%A3%E0%B8%B1%E0%B8%8A%E0%B8%95%E0%B9%8C%2058/122%E0%B8%AB%E0%B8%A1%E0%B8%B9%E0%B9%887
65cc56c1-15b2-45bf-86c3-2299d3296585,SKN,เงินทอง ราชพฤกษ์,,,,https://www.google.com/maps/search/?api=1&query=%E0%B9%80%E0%B8%87%E0%B8%B4%E0%B8%99%E0%B8%97%E0%B8%AD%E0%B8%87%20%E0%B8%A3%E0%B8%B2%E0%B8%8A%E0%B8%9E%E0%B8%A4%E0%B8%81%E0%B8%A9%E0%B9%8C%20-
416e047d-87ff-4608-b7e9-e132d202bc47,SKN,เจเจ สโตร์,,,,https://www.google.com/maps/search/?api=1&query=%E0%B9%80%E0%B8%88%E0%B9%80%E0%B8%88%20%E0%B8%AA%E0%B9%82%E0%B8%95%E0%B8%A3%E0%B9%8C%20%E0%B9%80%E0%B8%A5%E0%B8%82%E0%B8%97%E0%B8%B5%E0%B9%8899/1%E0%B8%AB%E0%B8%A1%E0%B8%B9%E0%B9%88%E0%B8%97%E0%B8%B5%E0%B9%881
5a28b7e5-5ddd-443f-88c8-fff3bd35716f,SKN,ช็อคกาดูฟ เพ็ทช็อป,,,,https://www.google.com/maps/search/?api=1&query=%E0%B8%8A%E0%B9%87%E0%B8%AD%E0%B8%84%E0%B8%81%E0%B8%B2%E0%B8%94%E0%B8%B9%E0%B8%9F%20%E0%B9%80%E0%B8%9E%E0%B9%87%E0%B8%97%E0%B8%8A%E0%B9%87%E0%B8%AD%E0%B8%9B%20418/2%E0%B8%8B%E0%B8%AD%E0%B8%A2%E0%B8%95%E0%B8%A5%E0%B8%B2%E0%B8%94%E0%B8%87%E0%B8%B2%E0%B8%A1%E0%B8%A7%E0%B8%87%E0%B8%A8%E0%B9%8C%E0%B8%A7%E0%B8%B2%E0%B8%99%E0%B8%96.%E0%B8%AA%E0%B8%B2%E0%B8%A1%E0%B8%B1%E0%B8%84%E0%B8%84%E0%B8%B5
2a7e0c08-c237-4e05-9f37-68666dc95036,SKN,ช็อคกาดูฟ เพ็ทช็อป สาขาตลาดกิเลน,,,,https://www.google.com/maps/search/?api=1&query=%E0%B8%8A%E0%B9%87%E0%B8%AD%E0%B8%84%E0%B8%81%E0%B8%B2%E0%B8%94%E0%B8%B9%E0%B8%9F%20%E0%B9%80%E0%B8%9E%E0%B9%87%E0%B8%97%E0%B8%8A%E0%B9%87%E0%B8%AD%E0%B8%9B%20%E0%B8%AA%E0%B8%B2%E0%B8%82%E0%B8%B2%E0%B8%95%E0%B8%A5%E0%B8%B2%E0%B8%94%E0%B8%81%E0%B8%B4%E0%B9%80%E0%B8%A5%E0%B8%99%20%E0%B9%80%E0%B8%A5%E0%B8%82%E0%B8%97%E0%B8%B5%E0%B9%88166
fb8e686a-3f67-4bde-9f79-372e5ddb4377,SKN,ซุปเปอร์ชีป เพ็ทช็อป,,,,https://www.google.com/maps/search/?api=1&query=%E0%B8%8B%E0%B8%B8%E0%B8%9B%E0%B9%80%E0%B8%9B%E0%B8%AD%E0%B8%A3%E0%B9%8C%E0%B8%8A%E0%B8%B5%E0%B8%9B%20%E0%B9%80%E0%B8%9E%E0%B9%87%E0%B8%97%E0%B8%8A%E0%B9%87%E0%B8%AD%E0%B8%9B%2072/3%E0%B8%A1.11
da0c1c51-e9c8-4038-a300-dc174eac0912,SKN,ฐานเพชรอาหารสัตว์,,,,https://www.google.com/maps/search/?api=1&query=%E0%B8%90%E0%B8%B2%E0%B8%99%E0%B9%80%E0%B8%9E%E0%B8%8A%E0%B8%A3%E0%B8%AD%E0%B8%B2%E0%B8%AB%E0%B8%B2%E0%B8%A3%E0%B8%AA%E0%B8%B1%E0%B8%95%E0%B8%A7%E0%B9%8C%2099/8%E0%B8%AB%E0%B8%A1%E0%B8%B9%E0%B9%88%E0%B8%97%E0%B8%B5%E0%B9%885%E0%B8%8B%E0%B8%AD%E0%B8%A2%E0%B9%81%E0%B8%88%E0%B9%89%E0%B8%87%E0%B8%A7%E0%B8%B1%E0%B8%92%E0%B8%99%E0%B8%B01
ad44bed0-bf71-4a0a-8912-254e315a7ab9,SKN,ฐิติพงษ์ แท่นทอง สาขาแมนฮัตตัน-คลองหลวง,,,,https://www.google.com/maps/search/?api=1&query=%E0%B8%90%E0%B8%B4%E0%B8%95%E0%B8%B4%E0%B8%9E%E0%B8%87%E0%B8%A9%E0%B9%8C%20%E0%B9%81%E0%B8%97%E0%B9%88%E0%B8%99%E0%B8%97%E0%B8%AD%E0%B8%87%20%E0%B8%AA%E0%B8%B2%E0%B8%82%E0%B8%B2%E0%B9%81%E0%B8%A1%E0%B8%99%E0%B8%AE%E0%B8%B1%E0%B8%95%E0%B8%95%E0%B8%B1%E0%B8%99-%E0%B8%84%E0%B8%A5%E0%B8%AD%E0%B8%87%E0%B8%AB%E0%B8%A5%E0%B8%A7%E0%B8%87%20%E0%B9%80%E0%B8%A5%E0%B8%82%E0%B8%97%E0%B8%B5%E0%B9%8858/238-239%E0%B8%AB%E0%B8%A1%E0%B8%B9%E0%B9%88%E0%B8%9A%E0%B9%89%E0%B8%B2%E0%B8%99%E0%B8%A3%E0%B8%B2%E0%B8%8A%E0%B8%9E%E0%B8%A4%E0%B8%A9%E0%B8%B23%E0%B8%AB%E0%B8%A1%E0%B8%B9%E0%B9%8814
89b996f1-cdad-429e-98db-b342b6fa71fb,SKN,ด็อก ด็อก กรูมมิ่ง แอนด์ เพ็ทช็อป,,,,https://www.google.com/maps/search/?api=1&query=%E0%B8%94%E0%B9%87%E0%B8%AD%E0%B8%81%20%E0%B8%94%E0%B9%87%E0%B8%AD%E0%B8%81%20%E0%B8%81%E0%B8%A3%E0%B8%B9%E0%B8%A1%E0%B8%A1%E0%B8%B4%E0%B9%88%E0%B8%87%20%E0%B9%81%E0%B8%AD%E0%B8%99%E0%B8%94%E0%B9%8C%20%E0%B9%80%E0%B8%9E%E0%B9%87%E0%B8%97%E0%B8%8A%E0%B9%87%E0%B8%AD%E0%B8%9B%20361/6
cda163de-b3b4-4883-baec-42a46edd41c0,SKN,ดีเด่น เพ็ทมาร์ท สาขาศาลายา(ปั๊มบางจาก),,,,https://www.google.com/maps/search/?api=1&query=%E0%B8%94%E0%B8%B5%E0%B9%80%E0%B8%94%E0%B9%88%E0%B8%99%20%E0%B9%80%E0%B8%9E%E0%B9%87%E0%B8%97%E0%B8%A1%E0%B8%B2%E0%B8%A3%E0%B9%8C%E0%B8%97%20%E0%B8%AA%E0%B8%B2%E0%B8%82%E0%B8%B2%E0%B8%A8%E0%B8%B2%E0%B8%A5%E0%B8%B2%E0%B8%A2%E0%B8%B2%28%E0%B8%9B%E0%B8%B1%E0%B9%8A%E0%B8%A1%E0%B8%9A%E0%B8%B2%E0%B8%87%E0%B8%88%E0%B8%B2%E0%B8%81%29%2019/59%E0%B8%AB%E0%B8%A1%E0%B8%B9%E0%B9%88%E0%B8%97%E0%B8%B5%E0%B9%885
6775e9f8-5c26-48ff-97eb-324b654ef1ba,SKN,ดีเอ็น เพ็ทช็อป,,,,https://www.google.com/maps/search/?api=1&query=%E0%B8%94%E0%B8%B5%E0%B9%80%E0%B8%AD%E0%B9%87%E0%B8%99%20%E0%B9%80%E0%B8%9E%E0%B9%87%E0%B8%97%E0%B8%8A%E0%B9%87%E0%B8%AD%E0%B8%9B%20%E0%B9%80%E0%B8%A5%E0%B8%82%E0%B8%97%E0%B8%B5%E0%B9%88201
92686c48-81c3-4af3-ae1f-66774a087c57,SKN,ดุสิต มณียัง,,,,https://www.google.com/maps/search/?api=1&query=%E0%B8%94%E0%B8%B8%E0%B8%AA%E0%B8%B4%E0%B8%95%20%E0%B8%A1%E0%B8%93%E0%B8%B5%E0%B8%A2%E0%B8%B1%E0%B8%87%20%E0%B9%80%E0%B8%A5%E0%B8%82%E0%B8%97%E0%B8%B5%E0%B9%8839%E0%B8%8B%E0%B8%AD%E0%B8%A2%E0%B8%A3%E0%B8%B1%E0%B8%87%E0%B8%AA%E0%B8%B4%E0%B8%95%E0%B8%99%E0%B8%84%E0%B8%A3-%E0%B8%99%E0%B8%84%E0%B8%A3%E0%B8%99%E0%B8%B2%E0%B8%A2%E0%B8%81
9b5f1e50-a4a0-4be0-b446-49223ab7bc49,SKN,ดุสิต มณียัง สาขาโกดังชุมพลคลอง7,,,,https://www.google.com/maps/search/?api=1&query=%E0%B8%94%E0%B8%B8%E0%B8%AA%E0%B8%B4%E0%B8%95%20%E0%B8%A1%E0%B8%93%E0%B8%B5%E0%B8%A2%E0%B8%B1%E0%B8%87%20%E0%B8%AA%E0%B8%B2%E0%B8%82%E0%B8%B2%E0%B9%82%E0%B8%81%E0%B8%94%E0%B8%B1%E0%B8%87%E0%B8%8A%E0%B8%B8%E0%B8%A1%E0%B8%9E%E0%B8%A5%E0%B8%84%E0%B8%A5%E0%B8%AD%E0%B8%877%20%E0%B9%80%E0%B8%A5%E0%B8%82%E0%B8%AB%E0%B9%89%E0%B8%AD%E0%B8%87%E0%B9%82%E0%B8%81%E0%B8%94%E0%B8%B1%E0%B8%87%28Q12/1%29%E0%B9%80%E0%B8%A5%E0%B8%82%E0%B8%97%E0%B8%B5%E0%B9%8843/5%E0%B8%A1.3
1587f370-1b02-446a-bee3-d1c76271555b,SKN,ดุสิต มณียัง สาขาคลอง7,,,,https://www.google.com/maps/search/?api=1&query=%E0%B8%94%E0%B8%B8%E0%B8%AA%E0%B8%B4%E0%B8%95%20%E0%B8%A1%E0%B8%93%E0%B8%B5%E0%B8%A2%E0%B8%B1%E0%B8%87%20%E0%B8%AA%E0%B8%B2%E0%B8%82%E0%B8%B2%E0%B8%84%E0%B8%A5%E0%B8%AD%E0%B8%877%2039/7-8%E0%B8%AB%E0%B8%A1%E0%B8%B9%E0%B9%884
70badf23-ff58-4f6e-8471-1d779c6d7d1b,SKN,ดูดี เพ็ทช็อป,,,,https://www.google.com/maps/search/?api=1&query=%E0%B8%94%E0%B8%B9%E0%B8%94%E0%B8%B5%20%E0%B9%80%E0%B8%9E%E0%B9%87%E0%B8%97%E0%B8%8A%E0%B9%87%E0%B8%AD%E0%B8%9B%20%E0%B9%80%E0%B8%A5%E0%B8%82%E0%B8%97%E0%B8%B5%E0%B9%88110/9%E0%B8%AB%E0%B8%A1%E0%B8%B9%E0%B9%8817%E0%B8%96.%E0%B9%80%E0%B8%97%E0%B8%9E%E0%B8%B2%E0%B8%A3%E0%B8%B1%E0%B8%81%E0%B8%A9%E0%B9%8C
fde94ffa-70f1-46d8-a047-b8ca9e485bf2,SKN,ดูดี เพ็ทช็อป สาขาสามแยก บายพาส,,,,https://www.google.com/maps/search/?api=1&query=%E0%B8%94%E0%B8%B9%E0%B8%94%E0%B8%B5%20%E0%B9%80%E0%B8%9E%E0%B9%87%E0%B8%97%E0%B8%8A%E0%B9%87%E0%B8%AD%E0%B8%9B%20%E0%B8%AA%E0%B8%B2%E0%B8%82%E0%B8%B2%E0%B8%AA%E0%B8%B2%E0%B8%A1%E0%B9%81%E0%B8%A2%E0%B8%81%20%E0%B8%9A%E0%B8%B2%E0%B8%A2%E0%B8%9E%E0%B8%B2%E0%B8%AA%20%E0%B9%80%E0%B8%A5%E0%B8%82%E0%B8%97%E0%B8%B5%E0%B9%88106/3%E0%B8%AB%E0%B8%A1%E0%B8%B9%E0%B9%881%E0%B8%96%E0%B8%99%E0%B8%99%E0%B9%80%E0%B8%97%E0%B8%9E%E0%B8%B2%E0%B8%A3%E0%B8%B1%E0%B8%81%E0%B8%A9%E0%B9%8C
1da0042b-3ca8-4d88-9419-a525a459c54f,SKN,เด่นดูดี บางปลา,,,,https://www.google.com/maps/search/?api=1&query=%E0%B9%80%E0%B8%94%E0%B9%88%E0%B8%99%E0%B8%94%E0%B8%B9%E0%B8%94%E0%B8%B5%20%E0%B8%9A%E0%B8%B2%E0%B8%87%E0%B8%9B%E0%B8%A5%E0%B8%B2%2024%203268
fcd174eb-1e61-4148-8cfc-c8ff2796a5ee,SKN,เดอะวัน เพ็ทมาร์ท,,,,https://www.google.com/maps/search/?api=1&query=%E0%B9%80%E0%B8%94%E0%B8%AD%E0%B8%B0%E0%B8%A7%E0%B8%B1%E0%B8%99%20%E0%B9%80%E0%B8%9E%E0%B9%87%E0%B8%97%E0%B8%A1%E0%B8%B2%E0%B8%A3%E0%B9%8C%E0%B8%97%2039/7-8%E0%B8%AB%E0%B8%A1%E0%B8%B9%E0%B9%884
49693e36-b5b2-45fa-aa20-d51cc4e1b01d,SKN,ติน ติน เพ็ดช็อป,,,,https://www.google.com/maps/search/?api=1&query=%E0%B8%95%E0%B8%B4%E0%B8%99%20%E0%B8%95%E0%B8%B4%E0%B8%99%20%E0%B9%80%E0%B8%9E%E0%B9%87%E0%B8%94%E0%B8%8A%E0%B9%87%E0%B8%AD%E0%B8%9B%20120%E0%B8%96.%E0%B8%A3%E0%B8%B0%E0%B8%99%E0%B8%AD%E0%B8%87
304fc62a-e07d-4a75-b080-c20d86699cd4,SKN,ตึกฟ้าอาหารสัตว์,,,,https://www.google.com/maps/search/?api=1&query=%E0%B8%95%E0%B8%B6%E0%B8%81%E0%B8%9F%E0%B9%89%E0%B8%B2%E0%B8%AD%E0%B8%B2%E0%B8%AB%E0%B8%B2%E0%B8%A3%E0%B8%AA%E0%B8%B1%E0%B8%95%E0%B8%A7%E0%B9%8C%20%E0%B9%80%E0%B8%A5%E0%B8%82%E0%B8%97%E0%B8%B5%E0%B9%88140/2%E0%B8%AB%E0%B8%A1%E0%B8%B9%E0%B9%882%E0%B8%96.%E0%B9%80%E0%B8%97%E0%B8%A8%E0%B8%9A%E0%B8%B2%E0%B8%A52
d35d6500-9cc1-4432-9b6f-407f1311c68c,SKN,เต็งเพ็ทช็อป,,,,https://www.google.com/maps/search/?api=1&query=%E0%B9%80%E0%B8%95%E0%B9%87%E0%B8%87%E0%B9%80%E0%B8%9E%E0%B9%87%E0%B8%97%E0%B8%8A%E0%B9%87%E0%B8%AD%E0%B8%9B%20126/145%E0%B8%AB%E0%B8%A1%E0%B8%B9%E0%B9%885%E0%B8%96%E0%B8%99%E0%B8%99%E0%B8%95%E0%B8%B4%E0%B8%A7%E0%B8%B2%E0%B8%99%E0%B8%99%E0%B8%97%E0%B9%8C
9d6c9920-52ad-488f-af50-37633832a74a,SKN,ธัญญะ เพ็ทช็อป,,,,https://www.google.com/maps/search/?api=1&query=%E0%B8%98%E0%B8%B1%E0%B8%8D%E0%B8%8D%E0%B8%B0%20%E0%B9%80%E0%B8%9E%E0%B9%87%E0%B8%97%E0%B8%8A%E0%B9%87%E0%B8%AD%E0%B8%9B%20%E0%B9%80%E0%B8%A5%E0%B8%82%E0%B8%97%E0%B8%B5%E0%B9%88%E0%B8%8B17/149-150
98b19b42-020d-4c15-9d30-1dfd89ecd797,SKN,น.ส.จันทร์วดี เอี้ยงประโคน,,,,https://www.google.com/maps/search/?api=1&query=%E0%B8%99.%E0%B8%AA.%E0%B8%88%E0%B8%B1%E0%B8%99%E0%B8%97%E0%B8%A3%E0%B9%8C%E0%B8%A7%E0%B8%94%E0%B8%B5%20%E0%B9%80%E0%B8%AD%E0%B8%B5%E0%B9%89%E0%B8%A2%E0%B8%87%E0%B8%9B%E0%B8%A3%E0%B8%B0%E0%B9%82%E0%B8%84%E0%B8%99%20%E0%B9%80%E0%B8%A5%E0%B8%82%E0%B8%97%E0%B8%B5%E0%B9%8888/8%E0%B8%AB%E0%B8%A1%E0%B8%B9%E0%B9%881
3c998d52-e687-4d23-97c0-818c6e1476d2,SKN,น.ส.ชัชมาส ชวราพรรัตน์,,,,https://www.google.com/maps/search/?api=1&query=%E0%B8%99.%E0%B8%AA.%E0%B8%8A%E0%B8%B1%E0%B8%8A%E0%B8%A1%E0%B8%B2%E0%B8%AA%20%E0%B8%8A%E0%B8%A7%E0%B8%A3%E0%B8%B2%E0%B8%9E%E0%B8%A3%E0%B8%A3%E0%B8%B1%E0%B8%95%E0%B8%99%E0%B9%8C%20%E0%B9%80%E0%B8%A5%E0%B8%82%E0%B8%97%E0%B8%B5%E0%B9%8871/77%E0%B8%AB%E0%B9%89%E0%B8%AD%E0%B8%87%E0%B9%81%E0%B8%96%E0%B8%A7%E0%B8%97%E0%B8%B5%E0%B9%881
226e0e92-5a72-497f-9672-bbcdbe545366,SKN,น.ส.ปุณยวีร์ โชติปัญญารัตน์,,,,https://www.google.com/maps/search/?api=1&query=%E0%B8%99.%E0%B8%AA.%E0%B8%9B%E0%B8%B8%E0%B8%93%E0%B8%A2%E0%B8%A7%E0%B8%B5%E0%B8%A3%E0%B9%8C%20%E0%B9%82%E0%B8%8A%E0%B8%95%E0%B8%B4%E0%B8%9B%E0%B8%B1%E0%B8%8D%E0%B8%8D%E0%B8%B2%E0%B8%A3%E0%B8%B1%E0%B8%95%E0%B8%99%E0%B9%8C%20%E0%B9%80%E0%B8%A5%E0%B8%82%E0%B8%97%E0%B8%B5%E0%B9%8899/426%E0%B8%AB%E0%B8%A1%E0%B8%B9%E0%B9%88%E0%B8%97%E0%B8%B5%E0%B9%886
ebfe4870-ce57-4c42-bd98-90ae61f30494,SKN,น.ส.พรทิพย์ บูรณะฤดี,,,,https://www.google.com/maps/search/?api=1&query=%E0%B8%99.%E0%B8%AA.%E0%B8%9E%E0%B8%A3%E0%B8%97%E0%B8%B4%E0%B8%9E%E0%B8%A2%E0%B9%8C%20%E0%B8%9A%E0%B8%B9%E0%B8%A3%E0%B8%93%E0%B8%B0%E0%B8%A4%E0%B8%94%E0%B8%B5%20%E0%B9%80%E0%B8%A5%E0%B8%82%E0%B8%97%E0%B8%B5%E0%B9%8846/19%E0%B8%AB%E0%B8%A1%E0%B8%B9%E0%B9%88%E0%B8%9A%E0%B9%89%E0%B8%B2%E0%B8%99%E0%B8%9E%E0%B8%A4%E0%B8%81%E0%B8%A9%E0%B8%B2D%E0%B8%AB%E0%B8%A1%E0%B8%B9%E0%B9%88%E0%B8%97%E0%B8%B5%E0%B9%884
3d137f01-9530-4011-bb83-adc78e8ba5f6,SKN,น.ส.พรพรรณ กกุสนธ์,,,,https://www.google.com/maps/search/?api=1&query=%E0%B8%99.%E0%B8%AA.%E0%B8%9E%E0%B8%A3%E0%B8%9E%E0%B8%A3%E0%B8%A3%E0%B8%93%20%E0%B8%81%E0%B8%81%E0%B8%B8%E0%B8%AA%E0%B8%99%E0%B8%98%E0%B9%8C%20%E0%B9%80%E0%B8%A5%E0%B8%82%E0%B8%97%E0%B8%B5%E0%B9%8861/68%E0%B8%A1.5
f21f034c-545e-4ea9-8236-2e52274230a7,SKN,น.ส.ภครศมน โรหิตจันทร์,,,,https://www.google.com/maps/search/?api=1&query=%E0%B8%99.%E0%B8%AA.%E0%B8%A0%E0%B8%84%E0%B8%A3%E0%B8%A8%E0%B8%A1%E0%B8%99%20%E0%B9%82%E0%B8%A3%E0%B8%AB%E0%B8%B4%E0%B8%95%E0%B8%88%E0%B8%B1%E0%B8%99%E0%B8%97%E0%B8%A3%E0%B9%8C%2079/6%E0%B8%AB%E0%B8%A1%E0%B8%B9%E0%B9%8811
e7555c79-cf59-486f-a17c-789901f0eb14,SKN,น้องเพ็ทช็อป บางกะปิ,,,,https://www.google.com/maps/search/?api=1&query=%E0%B8%99%E0%B9%89%E0%B8%AD%E0%B8%87%E0%B9%80%E0%B8%9E%E0%B9%87%E0%B8%97%E0%B8%8A%E0%B9%87%E0%B8%AD%E0%B8%9B%20%E0%B8%9A%E0%B8%B2%E0%B8%87%E0%B8%81%E0%B8%B0%E0%B8%9B%E0%B8%B4%203109%20%E0%B8%8A%E0%B8%B1%E0%B9%89%E0%B8%991%20%E0%B8%AD%E0%B8%B2%E0%B8%84%E0%B8%B2%E0%B8%A3%20Tescolotus%20%E0%B8%96.%20%E0%B8%A5%E0%B8%B2%E0%B8%94%E0%B8%9E%E0%B8%A3%E0%B9%89%E0%B8%B2%E0%B8%A7
1fde6467-b024-45f6-8db2-3323faaf3438,SKN,น้องเพ็ทช็อป บางใหญ่,,,,https://www.google.com/maps/search/?api=1&query=%E0%B8%99%E0%B9%89%E0%B8%AD%E0%B8%87%E0%B9%80%E0%B8%9E%E0%B9%87%E0%B8%97%E0%B8%8A%E0%B9%87%E0%B8%AD%E0%B8%9B%20%E0%B8%9A%E0%B8%B2%E0%B8%87%E0%B9%83%E0%B8%AB%E0%B8%8D%E0%B9%88%2083%209
45e938ee-764b-4c36-a769-ec2108aeec58,SKN,นางกิติยาภรณ์ สังข์น้อย,,,,https://www.google.com/maps/search/?api=1&query=%E0%B8%99%E0%B8%B2%E0%B8%87%E0%B8%81%E0%B8%B4%E0%B8%95%E0%B8%B4%E0%B8%A2%E0%B8%B2%E0%B8%A0%E0%B8%A3%E0%B8%93%E0%B9%8C%20%E0%B8%AA%E0%B8%B1%E0%B8%87%E0%B8%82%E0%B9%8C%E0%B8%99%E0%B9%89%E0%B8%AD%E0%B8%A2%20%E0%B9%80%E0%B8%A5%E0%B8%82%E0%B8%97%E0%B8%B5%E0%B9%88459/8
b044df9a-d0a9-49b1-bb3f-2dd1bbe56639,SKN,นายคงศักย์  เจริญสุข,,,,https://www.google.com/maps/search/?api=1&query=%E0%B8%99%E0%B8%B2%E0%B8%A2%E0%B8%84%E0%B8%87%E0%B8%A8%E0%B8%B1%E0%B8%81%E0%B8%A2%E0%B9%8C%20%E0%B9%80%E0%B8%88%E0%B8%A3%E0%B8%B4%E0%B8%8D%E0%B8%AA%E0%B8%B8%E0%B8%82%20%E0%B9%80%E0%B8%A5%E0%B8%82%E0%B8%97%E0%B8%B5%E0%B9%88764%E0%B8%AB%E0%B8%A1%E0%B8%B9%E0%B9%88%E0%B8%97%E0%B8%B5%E0%B9%8810
a294a39c-8861-4eac-95f7-b1d2961b67ea,SKN,นายศุภชัย  มหาวรรณ์ (ร้าน เอ็ม.ซี เพท มาร์ท),,,,https://www.google.com/maps/search/?api=1&query=%E0%B8%99%E0%B8%B2%E0%B8%A2%E0%B8%A8%E0%B8%B8%E0%B8%A0%E0%B8%8A%E0%B8%B1%E0%B8%A2%20%E0%B8%A1%E0%B8%AB%E0%B8%B2%E0%B8%A7%E0%B8%A3%E0%B8%A3%E0%B8%93%E0%B9%8C%20%28%E0%B8%A3%E0%B9%89%E0%B8%B2%E0%B8%99%20%E0%B9%80%E0%B8%AD%E0%B9%87%E0%B8%A1.%E0%B8%8B%E0%B8%B5%20%E0%B9%80%E0%B8%9E%E0%B8%97%20%E0%B8%A1%E0%B8%B2%E0%B8%A3%E0%B9%8C%E0%B8%97%29%20%E0%B9%80%E0%B8%A5%E0%B8%82%E0%B8%97%E0%B8%B5%E0%B9%88128/18
c8c32095-20e2-4fae-ae70-4b0b0f3adef9,SKN,นายสหภพ โต๊ะแสงธรรม,,,,https://www.google.com/maps/search/?api=1&query=%E0%B8%99%E0%B8%B2%E0%B8%A2%E0%B8%AA%E0%B8%AB%E0%B8%A0%E0%B8%9E%20%E0%B9%82%E0%B8%95%E0%B9%8A%E0%B8%B0%E0%B9%81%E0%B8%AA%E0%B8%87%E0%B8%98%E0%B8%A3%E0%B8%A3%E0%B8%A1%20137/34%E0%B8%A1.2
276fd65c-337c-40f0-88f4-9a7ffc51de99,SKN,นำโชค เพ็ทช็อป สาขาภูเก็ต,,,,https://www.google.com/maps/search/?api=1&query=%E0%B8%99%E0%B8%B3%E0%B9%82%E0%B8%8A%E0%B8%84%20%E0%B9%80%E0%B8%9E%E0%B9%87%E0%B8%97%E0%B8%8A%E0%B9%87%E0%B8%AD%E0%B8%9B%20%E0%B8%AA%E0%B8%B2%E0%B8%82%E0%B8%B2%E0%B8%A0%E0%B8%B9%E0%B9%80%E0%B8%81%E0%B9%87%E0%B8%95%20%E0%B9%80%E0%B8%A5%E0%B8%82%E0%B8%97%E0%B8%B5%E0%B9%88369/117-118%E0%B8%96.%E0%B9%80%E0%B8%A2%E0%B8%B2%E0%B8%A7%E0%B8%A3%E0%B8%B2%E0%B8%8A
729f3292-3c56-4e48-86cf-aa72156faa44,SKN,บจก. พีพี เพ็ท ซัพพลาย(สำนักงานใหญ่),,,,https://www.google.com/maps/search/?api=1&query=%E0%B8%9A%E0%B8%88%E0%B8%81.%20%E0%B8%9E%E0%B8%B5%E0%B8%9E%E0%B8%B5%20%E0%B9%80%E0%B8%9E%E0%B9%87%E0%B8%97%20%E0%B8%8B%E0%B8%B1%E0%B8%9E%E0%B8%9E%E0%B8%A5%E0%B8%B2%E0%B8%A2%28%E0%B8%AA%E0%B8%B3%E0%B8%99%E0%B8%B1%E0%B8%81%E0%B8%87%E0%B8%B2%E0%B8%99%E0%B9%83%E0%B8%AB%E0%B8%8D%E0%B9%88%29%20192%E0%B8%96.%E0%B8%AA%E0%B8%B8%E0%B8%82%E0%B8%B8%E0%B8%A1%E0%B8%A7%E0%B8%B4%E0%B8%97
e06a22d1-bef7-4cd7-84b9-893b7fd189ec,SKN,บจก.เค.ยู. การ์เด้น เซ็นเตอร์,,,,https://www.google.com/maps/search/?api=1&query=%E0%B8%9A%E0%B8%88%E0%B8%81.%E0%B9%80%E0%B8%84.%E0%B8%A2%E0%B8%B9.%20%E0%B8%81%E0%B8%B2%E0%B8%A3%E0%B9%8C%E0%B9%80%E0%B8%94%E0%B9%89%E0%B8%99%20%E0%B9%80%E0%B8%8B%E0%B9%87%E0%B8%99%E0%B9%80%E0%B8%95%E0%B8%AD%E0%B8%A3%E0%B9%8C%2097/01%E0%B8%96.%E0%B9%80%E0%B8%A5%E0%B8%B5%E0%B8%A2%E0%B8%9A%E0%B9%80%E0%B8%A1%E0%B8%B7%E0%B8%AD%E0%B8%87%E0%B8%99%E0%B8%99%E0%B8%97%E0%B8%9A%E0%B8%B8%E0%B8%A3%E0%B8%B5
dd4eba36-7b2d-4b41-9f52-3b33cdcc29a5,SKN,บจก.เคทีเอส เพ็ทมาร์ท สาขา เมืองทอง,,,,https://www.google.com/maps/search/?api=1&query=%E0%B8%9A%E0%B8%88%E0%B8%81.%E0%B9%80%E0%B8%84%E0%B8%97%E0%B8%B5%E0%B9%80%E0%B8%AD%E0%B8%AA%20%E0%B9%80%E0%B8%9E%E0%B9%87%E0%B8%97%E0%B8%A1%E0%B8%B2%E0%B8%A3%E0%B9%8C%E0%B8%97%20%E0%B8%AA%E0%B8%B2%E0%B8%82%E0%B8%B2%20%E0%B9%80%E0%B8%A1%E0%B8%B7%E0%B8%AD%E0%B8%87%E0%B8%97%E0%B8%AD%E0%B8%87%2058/150%2C152%E0%B9%80%E0%B8%A1%E0%B8%B7%E0%B8%AD%E0%B8%87%E0%B8%97%E0%B8%AD%E0%B8%87%E0%B8%98%E0%B8%B2%E0%B8%99%E0%B8%B5%E0%B8%96%E0%B8%99%E0%B8%99%E0%B9%81%E0%B8%88%E0%B9%89%E0%B8%87%E0%B8%A7%E0%B8%B1%E0%B8%92%E0%B8%99%E0%B8%B0
c42cadf7-76e6-432f-9854-ef034be32019,SKN,บจก.เคทีเอส เพ็ทมาร์ท สาขาชัยพฤกษ์,,,,https://www.google.com/maps/search/?api=1&query=%E0%B8%9A%E0%B8%88%E0%B8%81.%E0%B9%80%E0%B8%84%E0%B8%97%E0%B8%B5%E0%B9%80%E0%B8%AD%E0%B8%AA%20%E0%B9%80%E0%B8%9E%E0%B9%87%E0%B8%97%E0%B8%A1%E0%B8%B2%E0%B8%A3%E0%B9%8C%E0%B8%97%20%E0%B8%AA%E0%B8%B2%E0%B8%82%E0%B8%B2%E0%B8%8A%E0%B8%B1%E0%B8%A2%E0%B8%9E%E0%B8%A4%E0%B8%81%E0%B8%A9%E0%B9%8C%208/10%E0%B8%AB%E0%B8%A1%E0%B8%B9%E0%B9%88%E0%B8%97%E0%B8%B5%E0%B9%884%E0%B8%96%E0%B8%99%E0%B8%99%E0%B8%8A%E0%B8%B1%E0%B8%A2%E0%B8%9E%E0%B8%A4%E0%B8%81%E0%B8%A9%E0%B9%8C
8dc16366-89c3-499c-9d52-b676ee366ea4,SKN,บจก.เคทีเอส เพ็ทมาร์ทสาขา ระยอง จันทอุดม,,,,https://www.google.com/maps/search/?api=1&query=%E0%B8%9A%E0%B8%88%E0%B8%81.%E0%B9%80%E0%B8%84%E0%B8%97%E0%B8%B5%E0%B9%80%E0%B8%AD%E0%B8%AA%20%E0%B9%80%E0%B8%9E%E0%B9%87%E0%B8%97%E0%B8%A1%E0%B8%B2%E0%B8%A3%E0%B9%8C%E0%B8%97%E0%B8%AA%E0%B8%B2%E0%B8%82%E0%B8%B2%20%E0%B8%A3%E0%B8%B0%E0%B8%A2%E0%B8%AD%E0%B8%87%20%E0%B8%88%E0%B8%B1%E0%B8%99%E0%B8%97%E0%B8%AD%E0%B8%B8%E0%B8%94%E0%B8%A1%2079/16-18%E0%B8%96.%E0%B8%88%E0%B8%B1%E0%B8%99%E0%B8%97%E0%B8%AD%E0%B8%B8%E0%B8%94%E0%B8%A1
62daa3f4-95ad-4ffe-bfb9-5dad9ce22ac9,SKN,บจก.เคทีเอส เพ็ทมาร์สาขา ระยอง ตลาดสตาร์,,,,https://www.google.com/maps/search/?api=1&query=%E0%B8%9A%E0%B8%88%E0%B8%81.%E0%B9%80%E0%B8%84%E0%B8%97%E0%B8%B5%E0%B9%80%E0%B8%AD%E0%B8%AA%20%E0%B9%80%E0%B8%9E%E0%B9%87%E0%B8%97%E0%B8%A1%E0%B8%B2%E0%B8%A3%E0%B9%8C%E0%B8%AA%E0%B8%B2%E0%B8%82%E0%B8%B2%20%E0%B8%A3%E0%B8%B0%E0%B8%A2%E0%B8%AD%E0%B8%87%20%E0%B8%95%E0%B8%A5%E0%B8%B2%E0%B8%94%E0%B8%AA%E0%B8%95%E0%B8%B2%E0%B8%A3%E0%B9%8C%20150/1%E0%B8%96.%E0%B8%A3%E0%B8%B2%E0%B8%A9%E0%B8%8E%E0%B8%A3%E0%B9%8C%E0%B8%AD%E0%B8%B8%E0%B8%97%E0%B8%B4%E0%B8%A8
713013da-0788-445c-b3a0-73a007cec1d2,SKN,บจก.นครปฐมไพศาล สาขานครชัยศรี,,,,https://www.google.com/maps/search/?api=1&query=%E0%B8%9A%E0%B8%88%E0%B8%81.%E0%B8%99%E0%B8%84%E0%B8%A3%E0%B8%9B%E0%B8%90%E0%B8%A1%E0%B9%84%E0%B8%9E%E0%B8%A8%E0%B8%B2%E0%B8%A5%20%E0%B8%AA%E0%B8%B2%E0%B8%82%E0%B8%B2%E0%B8%99%E0%B8%84%E0%B8%A3%E0%B8%8A%E0%B8%B1%E0%B8%A2%E0%B8%A8%E0%B8%A3%E0%B8%B5%2095/59%E0%B8%AB%E0%B8%A1%E0%B8%B9%E0%B9%883%E0%B8%96.%E0%B8%A8%E0%B8%A3%E0%B8%B5%E0%B8%AD%E0%B8%B8%E0%B8%97%E0%B8%B1%E0%B8%A2
1f28359f-c255-466b-b892-1a33734b54d5,SKN,บจก.เพ็ทสเตชัน สาขาดรีมแลนด์มาร์เก็ต,,,,https://www.google.com/maps/search/?api=1&query=%E0%B8%9A%E0%B8%88%E0%B8%81.%E0%B9%80%E0%B8%9E%E0%B9%87%E0%B8%97%E0%B8%AA%E0%B9%80%E0%B8%95%E0%B8%8A%E0%B8%B1%E0%B8%99%20%E0%B8%AA%E0%B8%B2%E0%B8%82%E0%B8%B2%E0%B8%94%E0%B8%A3%E0%B8%B5%E0%B8%A1%E0%B9%81%E0%B8%A5%E0%B8%99%E0%B8%94%E0%B9%8C%E0%B8%A1%E0%B8%B2%E0%B8%A3%E0%B9%8C%E0%B9%80%E0%B8%81%E0%B9%87%E0%B8%95%20%E0%B9%80%E0%B8%A5%E0%B8%82%E0%B8%97%E0%B8%B5%E0%B9%88100/51%E0%B8%AB%E0%B8%A1%E0%B8%B9%E0%B9%8814
728e756d-7bfb-471d-9709-b084f11d94c8,SKN,บจก.ฟิตวัน เพ็ทซัพพลายส์ สาขาธัญบุรี คลอง 2,,,,https://www.google.com/maps/search/?api=1&query=%E0%B8%9A%E0%B8%88%E0%B8%81.%E0%B8%9F%E0%B8%B4%E0%B8%95%E0%B8%A7%E0%B8%B1%E0%B8%99%20%E0%B9%80%E0%B8%9E%E0%B9%87%E0%B8%97%E0%B8%8B%E0%B8%B1%E0%B8%9E%E0%B8%9E%E0%B8%A5%E0%B8%B2%E0%B8%A2%E0%B8%AA%E0%B9%8C%20%E0%B8%AA%E0%B8%B2%E0%B8%82%E0%B8%B2%E0%B8%98%E0%B8%B1%E0%B8%8D%E0%B8%9A%E0%B8%B8%E0%B8%A3%E0%B8%B5%20%E0%B8%84%E0%B8%A5%E0%B8%AD%E0%B8%87%202%20%E0%B9%80%E0%B8%A5%E0%B8%82%E0%B8%97%E0%B8%B5%E0%B9%88465%E0%B8%96%E0%B8%99%E0%B8%99%E0%B8%A3%E0%B8%B1%E0%B8%87%E0%B8%AA%E0%B8%B4%E0%B8%95-%E0%B8%99%E0%B8%84%E0%B8%A3%E0%B8%99%E0%B8%B2%E0%B8%A2%E0%B8%81
31c43495-ef10-4b55-b76c-d4074e4dd16e,SKN,บจก.ฟิตวัน เพ็ทซัพพลายส์ สำนักงานใหญ่,,,,https://www.google.com/maps/search/?api=1&query=%E0%B8%9A%E0%B8%88%E0%B8%81.%E0%B8%9F%E0%B8%B4%E0%B8%95%E0%B8%A7%E0%B8%B1%E0%B8%99%20%E0%B9%80%E0%B8%9E%E0%B9%87%E0%B8%97%E0%B8%8B%E0%B8%B1%E0%B8%9E%E0%B8%9E%E0%B8%A5%E0%B8%B2%E0%B8%A2%E0%B8%AA%E0%B9%8C%20%E0%B8%AA%E0%B8%B3%E0%B8%99%E0%B8%B1%E0%B8%81%E0%B8%87%E0%B8%B2%E0%B8%99%E0%B9%83%E0%B8%AB%E0%B8%8D%E0%B9%88%20158/18%E0%B8%AB%E0%B8%A1%E0%B8%B9%E0%B9%88%E0%B8%97%E0%B8%B5%E0%B9%884
e8e1c9a0-a058-4b33-a6e1-b560b959457b,SKN,บจก.มนูญเพ็ทช็อป บาย ไอเคเอส (สาขา E-Commerce),,,,https://www.google.com/maps/search/?api=1&query=%E0%B8%9A%E0%B8%88%E0%B8%81.%E0%B8%A1%E0%B8%99%E0%B8%B9%E0%B8%8D%E0%B9%80%E0%B8%9E%E0%B9%87%E0%B8%97%E0%B8%8A%E0%B9%87%E0%B8%AD%E0%B8%9B%20%E0%B8%9A%E0%B8%B2%E0%B8%A2%20%E0%B9%84%E0%B8%AD%E0%B9%80%E0%B8%84%E0%B9%80%E0%B8%AD%E0%B8%AA%20%28%E0%B8%AA%E0%B8%B2%E0%B8%82%E0%B8%B2%20E-Commerce%29%2086/6-7%E0%B8%A1.2
1806a7f5-5270-44bc-a96d-091128540f3b,SKN,บจก.มนูญเพ็ทช็อป บาย ไอเคเอส (สาขารัตนาธิเบศร์),,,,https://www.google.com/maps/search/?api=1&query=%E0%B8%9A%E0%B8%88%E0%B8%81.%E0%B8%A1%E0%B8%99%E0%B8%B9%E0%B8%8D%E0%B9%80%E0%B8%9E%E0%B9%87%E0%B8%97%E0%B8%8A%E0%B9%87%E0%B8%AD%E0%B8%9B%20%E0%B8%9A%E0%B8%B2%E0%B8%A2%20%E0%B9%84%E0%B8%AD%E0%B9%80%E0%B8%84%E0%B9%80%E0%B8%AD%E0%B8%AA%20%28%E0%B8%AA%E0%B8%B2%E0%B8%82%E0%B8%B2%E0%B8%A3%E0%B8%B1%E0%B8%95%E0%B8%99%E0%B8%B2%E0%B8%98%E0%B8%B4%E0%B9%80%E0%B8%9A%E0%B8%A8%E0%B8%A3%E0%B9%8C%29%20%E0%B9%80%E0%B8%A5%E0%B8%82%E0%B8%97%E0%B8%B5%E0%B9%88243%E0%B8%A1.8
11ac86cc-cd3f-4a91-94b5-edd940773995,SKN,บจก.วีว่า พรีเมี่ยม เพ็ท สโตร์ (สำนักงานใหญ่),,,,https://www.google.com/maps/search/?api=1&query=%E0%B8%9A%E0%B8%88%E0%B8%81.%E0%B8%A7%E0%B8%B5%E0%B8%A7%E0%B9%88%E0%B8%B2%20%E0%B8%9E%E0%B8%A3%E0%B8%B5%E0%B9%80%E0%B8%A1%E0%B8%B5%E0%B9%88%E0%B8%A2%E0%B8%A1%20%E0%B9%80%E0%B8%9E%E0%B9%87%E0%B8%97%20%E0%B8%AA%E0%B9%82%E0%B8%95%E0%B8%A3%E0%B9%8C%20%28%E0%B8%AA%E0%B8%B3%E0%B8%99%E0%B8%B1%E0%B8%81%E0%B8%87%E0%B8%B2%E0%B8%99%E0%B9%83%E0%B8%AB%E0%B8%8D%E0%B9%88%29%2099/88%E0%B8%AB%E0%B8%A1%E0%B8%B9%E0%B9%88%E0%B8%97%E0%B8%B5%E0%B9%8816
8936a696-6870-4dac-8546-852516f85365,SKN,บจก.สิตา-ชา สาขาแยกเมืองปทุม,,,,https://www.google.com/maps/search/?api=1&query=%E0%B8%9A%E0%B8%88%E0%B8%81.%E0%B8%AA%E0%B8%B4%E0%B8%95%E0%B8%B2-%E0%B8%8A%E0%B8%B2%20%E0%B8%AA%E0%B8%B2%E0%B8%82%E0%B8%B2%E0%B9%81%E0%B8%A2%E0%B8%81%E0%B9%80%E0%B8%A1%E0%B8%B7%E0%B8%AD%E0%B8%87%E0%B8%9B%E0%B8%97%E0%B8%B8%E0%B8%A1%2038%E0%B8%96.%E0%B8%9B%E0%B8%97%E0%B8%B8%E0%B8%A1%E0%B8%81%E0%B8%A3%E0%B8%B8%E0%B8%87%E0%B9%80%E0%B8%97%E0%B8%9E
84797244-e66c-47e8-82a1-d06fa7d1cb4d,SKN,บจก.อาร์ ที พี ดอทคอม สาขาธัญบุรีคลองสอง,,,,https://www.google.com/maps/search/?api=1&query=%E0%B8%9A%E0%B8%88%E0%B8%81.%E0%B8%AD%E0%B8%B2%E0%B8%A3%E0%B9%8C%20%E0%B8%97%E0%B8%B5%20%E0%B8%9E%E0%B8%B5%20%E0%B8%94%E0%B8%AD%E0%B8%97%E0%B8%84%E0%B8%AD%E0%B8%A1%20%E0%B8%AA%E0%B8%B2%E0%B8%82%E0%B8%B2%E0%B8%98%E0%B8%B1%E0%B8%8D%E0%B8%9A%E0%B8%B8%E0%B8%A3%E0%B8%B5%E0%B8%84%E0%B8%A5%E0%B8%AD%E0%B8%87%E0%B8%AA%E0%B8%AD%E0%B8%87%20%E0%B9%80%E0%B8%A5%E0%B8%82%E0%B8%97%E0%B8%B5%E0%B9%8815%E0%B8%96%E0%B8%99%E0%B8%99%E0%B8%A3%E0%B8%B1%E0%B8%87%E0%B8%AA%E0%B8%B4%E0%B8%95%E0%B8%99%E0%B8%84%E0%B8%A3%E0%B8%99%E0%B8%B2%E0%B8%A2%E0%B8%81
1a94930d-4103-4ce1-856f-46d07c2f8da4,SKN,บจก.เอเชียไทย เทรดดิ้ง(2020),,,,https://www.google.com/maps/search/?api=1&query=%E0%B8%9A%E0%B8%88%E0%B8%81.%E0%B9%80%E0%B8%AD%E0%B9%80%E0%B8%8A%E0%B8%B5%E0%B8%A2%E0%B9%84%E0%B8%97%E0%B8%A2%20%E0%B9%80%E0%B8%97%E0%B8%A3%E0%B8%94%E0%B8%94%E0%B8%B4%E0%B9%89%E0%B8%87%282020%29%2050/1852%E0%B8%A1.5
f27f7d19-6a53-4a52-94bd-c709118506af,SKN,บจก.แอนนิมอล เฮ้าส์ 789 สาขามาบเตย,,,,https://www.google.com/maps/search/?api=1&query=%E0%B8%9A%E0%B8%88%E0%B8%81.%E0%B9%81%E0%B8%AD%E0%B8%99%E0%B8%99%E0%B8%B4%E0%B8%A1%E0%B8%AD%E0%B8%A5%20%E0%B9%80%E0%B8%AE%E0%B9%89%E0%B8%B2%E0%B8%AA%E0%B9%8C%20789%20%E0%B8%AA%E0%B8%B2%E0%B8%82%E0%B8%B2%E0%B8%A1%E0%B8%B2%E0%B8%9A%E0%B9%80%E0%B8%95%E0%B8%A2%20529%E0%B8%AB%E0%B8%A1%E0%B8%B9%E0%B9%88%E0%B8%97%E0%B8%B5%E0%B9%881
2fd03429-8ed7-43a1-84d6-24cb854291b0,SKN,บจก.แอลเอดี อิมพอร์ต เอ็กซ์พอร์ต,,,,https://www.google.com/maps/search/?api=1&query=%E0%B8%9A%E0%B8%88%E0%B8%81.%E0%B9%81%E0%B8%AD%E0%B8%A5%E0%B9%80%E0%B8%AD%E0%B8%94%E0%B8%B5%20%E0%B8%AD%E0%B8%B4%E0%B8%A1%E0%B8%9E%E0%B8%AD%E0%B8%A3%E0%B9%8C%E0%B8%95%20%E0%B9%80%E0%B8%AD%E0%B9%87%E0%B8%81%E0%B8%8B%E0%B9%8C%E0%B8%9E%E0%B8%AD%E0%B8%A3%E0%B9%8C%E0%B8%95%20%E0%B9%80%E0%B8%A5%E0%B8%82%E0%B8%97%E0%B8%B5%E0%B9%88148/35%E0%B8%AB%E0%B8%A1%E0%B8%B9%E0%B9%88%E0%B8%97%E0%B8%B5%E0%B9%881
fa499a73-cc23-4801-be8f-ef7eea3d6640,SKN,บจก.โอกะเนะ กรุ๊ป 789 สาขา ชัยพฤกษ์,,,,https://www.google.com/maps/search/?api=1&query=%E0%B8%9A%E0%B8%88%E0%B8%81.%E0%B9%82%E0%B8%AD%E0%B8%81%E0%B8%B0%E0%B9%80%E0%B8%99%E0%B8%B0%20%E0%B8%81%E0%B8%A3%E0%B8%B8%E0%B9%8A%E0%B8%9B%20789%20%E0%B8%AA%E0%B8%B2%E0%B8%82%E0%B8%B2%20%E0%B8%8A%E0%B8%B1%E0%B8%A2%E0%B8%9E%E0%B8%A4%E0%B8%81%E0%B8%A9%E0%B9%8C%2090/1%E0%B8%96.%E0%B8%8A%E0%B8%B1%E0%B8%A2%E0%B8%9E%E0%B8%A4%E0%B8%81%E0%B8%A9%E0%B9%8C
e3e665d4-c056-4a64-99c3-48f207b8390a,SKN,บจก.โอกะเนะ กรุ๊ป 789 สาขา บางบัวทอง,,,,https://www.google.com/maps/search/?api=1&query=%E0%B8%9A%E0%B8%88%E0%B8%81.%E0%B9%82%E0%B8%AD%E0%B8%81%E0%B8%B0%E0%B9%80%E0%B8%99%E0%B8%B0%20%E0%B8%81%E0%B8%A3%E0%B8%B8%E0%B9%8A%E0%B8%9B%20789%20%E0%B8%AA%E0%B8%B2%E0%B8%82%E0%B8%B2%20%E0%B8%9A%E0%B8%B2%E0%B8%87%E0%B8%9A%E0%B8%B1%E0%B8%A7%E0%B8%97%E0%B8%AD%E0%B8%87%2065/8%E0%B8%A1.2
a47e7ff4-606b-4ad1-8e77-6b4da1eeb6f1,SKN,บจก.โอกะเนะ กรุ๊ป 789 สาขา ราชพฤกษ์,,,,https://www.google.com/maps/search/?api=1&query=%E0%B8%9A%E0%B8%88%E0%B8%81.%E0%B9%82%E0%B8%AD%E0%B8%81%E0%B8%B0%E0%B9%80%E0%B8%99%E0%B8%B0%20%E0%B8%81%E0%B8%A3%E0%B8%B8%E0%B9%8A%E0%B8%9B%20789%20%E0%B8%AA%E0%B8%B2%E0%B8%82%E0%B8%B2%20%E0%B8%A3%E0%B8%B2%E0%B8%8A%E0%B8%9E%E0%B8%A4%E0%B8%81%E0%B8%A9%E0%B9%8C%20%E0%B9%80%E0%B8%A5%E0%B8%82%E0%B8%97%E0%B8%B5%E0%B9%8855/58%E0%B8%96%E0%B8%99%E0%B8%99%E0%B8%A3%E0%B8%B2%E0%B8%8A%E0%B8%9E%E0%B8%A4%E0%B8%81%E0%B8%A9%E0%B9%8C
ae0f6941-58b4-4f1f-8cee-cc10a61602c0,SKN,บจก.โอกะเนะ กรุ๊ป สาขา สะพานเจษฎาบดินทร์,,,,https://www.google.com/maps/search/?api=1&query=%E0%B8%9A%E0%B8%88%E0%B8%81.%E0%B9%82%E0%B8%AD%E0%B8%81%E0%B8%B0%E0%B9%80%E0%B8%99%E0%B8%B0%20%E0%B8%81%E0%B8%A3%E0%B8%B8%E0%B9%8A%E0%B8%9B%20%E0%B8%AA%E0%B8%B2%E0%B8%82%E0%B8%B2%20%E0%B8%AA%E0%B8%B0%E0%B8%9E%E0%B8%B2%E0%B8%99%E0%B9%80%E0%B8%88%E0%B8%A9%E0%B8%8E%E0%B8%B2%E0%B8%9A%E0%B8%94%E0%B8%B4%E0%B8%99%E0%B8%97%E0%B8%A3%E0%B9%8C%205050
63ea15df-3558-4f68-92c5-1a70581ac521,SKN,บจก.โอนิ เพ็ทช็อป สาขา บึงคำพร้อย,,,,https://www.google.com/maps/search/?api=1&query=%E0%B8%9A%E0%B8%88%E0%B8%81.%E0%B9%82%E0%B8%AD%E0%B8%99%E0%B8%B4%20%E0%B9%80%E0%B8%9E%E0%B9%87%E0%B8%97%E0%B8%8A%E0%B9%87%E0%B8%AD%E0%B8%9B%20%E0%B8%AA%E0%B8%B2%E0%B8%82%E0%B8%B2%20%E0%B8%9A%E0%B8%B6%E0%B8%87%E0%B8%84%E0%B8%B3%E0%B8%9E%E0%B8%A3%E0%B9%89%E0%B8%AD%E0%B8%A2%2031/71%E0%B8%AB%E0%B8%A1%E0%B8%B9%E0%B9%8817%E0%B8%AB%E0%B8%A1%E0%B8%B9%E0%B9%88%E0%B8%9A%E0%B9%89%E0%B8%B2%E0%B8%99%E0%B8%9E%E0%B8%A4%E0%B8%81%E0%B8%A9%E0%B8%B2%E0%B8%A7%E0%B8%B4%E0%B8%A5%E0%B9%80%E0%B8%A5%E0%B8%88
16d6fd86-1b7d-4dee-aa86-7eed73b0ab86,SKN,บจก.โฮม โปรดักส์ เซ็นเตอร์ สาขาบางบัวทอง,,,,https://www.google.com/maps/search/?api=1&query=%E0%B8%9A%E0%B8%88%E0%B8%81.%E0%B9%82%E0%B8%AE%E0%B8%A1%20%E0%B9%82%E0%B8%9B%E0%B8%A3%E0%B8%94%E0%B8%B1%E0%B8%81%E0%B8%AA%E0%B9%8C%20%E0%B9%80%E0%B8%8B%E0%B9%87%E0%B8%99%E0%B9%80%E0%B8%95%E0%B8%AD%E0%B8%A3%E0%B9%8C%20%E0%B8%AA%E0%B8%B2%E0%B8%82%E0%B8%B2%E0%B8%9A%E0%B8%B2%E0%B8%87%E0%B8%9A%E0%B8%B1%E0%B8%A7%E0%B8%97%E0%B8%AD%E0%B8%87%20%E0%B9%80%E0%B8%A5%E0%B8%82%E0%B8%97%E0%B8%B5%E0%B9%88125%E0%B8%A1.6
ea15e9f1-7fc1-460c-896a-c16c9ec07a2b,SKN,บจก.โฮม โปรดักส์ เซ็นเตอร์ สาขาภูเก็ต (ฉลอง),,,,https://www.google.com/maps/search/?api=1&query=%E0%B8%9A%E0%B8%88%E0%B8%81.%E0%B9%82%E0%B8%AE%E0%B8%A1%20%E0%B9%82%E0%B8%9B%E0%B8%A3%E0%B8%94%E0%B8%B1%E0%B8%81%E0%B8%AA%E0%B9%8C%20%E0%B9%80%E0%B8%8B%E0%B9%87%E0%B8%99%E0%B9%80%E0%B8%95%E0%B8%AD%E0%B8%A3%E0%B9%8C%20%E0%B8%AA%E0%B8%B2%E0%B8%82%E0%B8%B2%E0%B8%A0%E0%B8%B9%E0%B9%80%E0%B8%81%E0%B9%87%E0%B8%95%20%28%E0%B8%89%E0%B8%A5%E0%B8%AD%E0%B8%87%29%20%E0%B9%80%E0%B8%A5%E0%B8%82%E0%B8%97%E0%B8%B5%E0%B9%8861/10%E0%B8%AB%E0%B8%A1%E0%B8%B9%E0%B9%88%E0%B8%97%E0%B8%B5%E0%B9%8810
d9d8c949-ced5-48b0-9040-26f0dea5413b,SKN,บราวนี่ เพ็ทมาร์ท สาขาเอสโซ่คลองขุด 8,,,,https://www.google.com/maps/search/?api=1&query=%E0%B8%9A%E0%B8%A3%E0%B8%B2%E0%B8%A7%E0%B8%99%E0%B8%B5%E0%B9%88%20%E0%B9%80%E0%B8%9E%E0%B9%87%E0%B8%97%E0%B8%A1%E0%B8%B2%E0%B8%A3%E0%B9%8C%E0%B8%97%20%E0%B8%AA%E0%B8%B2%E0%B8%82%E0%B8%B2%E0%B9%80%E0%B8%AD%E0%B8%AA%E0%B9%82%E0%B8%8B%E0%B9%88%E0%B8%84%E0%B8%A5%E0%B8%AD%E0%B8%87%E0%B8%82%E0%B8%B8%E0%B8%94%208%20689/1%E0%B8%AB%E0%B8%A1%E0%B8%B9%E0%B9%88%E0%B8%97%E0%B8%B5%E0%B9%882
62f2c00d-ea61-458a-aca4-1326b0ccda67,SKN,บราวนี่เพ็ทมาร์ท สาขา ม.ราม2,,,,https://www.google.com/maps/search/?api=1&query=%E0%B8%9A%E0%B8%A3%E0%B8%B2%E0%B8%A7%E0%B8%99%E0%B8%B5%E0%B9%88%E0%B9%80%E0%B8%9E%E0%B9%87%E0%B8%97%E0%B8%A1%E0%B8%B2%E0%B8%A3%E0%B9%8C%E0%B8%97%20%E0%B8%AA%E0%B8%B2%E0%B8%82%E0%B8%B2%20%E0%B8%A1.%E0%B8%A3%E0%B8%B2%E0%B8%A12%2042/16-17%E0%B8%A1.14%E0%B8%8B.%E0%B8%88%E0%B8%A3%E0%B8%A3%E0%B8%A2%E0%B8%B2%E0%B8%9A%E0%B8%A3%E0%B8%A3%E0%B8%93%E0%B8%96.%E0%B8%9A%E0%B8%B2%E0%B8%87%E0%B8%99%E0%B8%B2-%E0%B8%95%E0%B8%A3%E0%B8%B2%E0%B8%94
572ff586-be28-4d15-9612-ce41d68ab66f,SKN,บริบูรณ์เพ็ทช็อป,,,,https://www.google.com/maps/search/?api=1&query=%E0%B8%9A%E0%B8%A3%E0%B8%B4%E0%B8%9A%E0%B8%B9%E0%B8%A3%E0%B8%93%E0%B9%8C%E0%B9%80%E0%B8%9E%E0%B9%87%E0%B8%97%E0%B8%8A%E0%B9%87%E0%B8%AD%E0%B8%9B%20%E0%B9%80%E0%B8%A5%E0%B8%82%E0%B8%97%E0%B8%B5%E0%B9%88228
36abc52d-b4af-4069-851b-c4c7fb679040,SKN,บริษัท 1688 เพ็ทช็อป สมุทรปราการ จำกัด,,,,https://www.google.com/maps/search/?api=1&query=%E0%B8%9A%E0%B8%A3%E0%B8%B4%E0%B8%A9%E0%B8%B1%E0%B8%97%201688%20%E0%B9%80%E0%B8%9E%E0%B9%87%E0%B8%97%E0%B8%8A%E0%B9%87%E0%B8%AD%E0%B8%9B%20%E0%B8%AA%E0%B8%A1%E0%B8%B8%E0%B8%97%E0%B8%A3%E0%B8%9B%E0%B8%A3%E0%B8%B2%E0%B8%81%E0%B8%B2%E0%B8%A3%20%E0%B8%88%E0%B8%B3%E0%B8%81%E0%B8%B1%E0%B8%94%20%E0%B9%80%E0%B8%A5%E0%B8%82%E0%B8%97%E0%B8%B5%E0%B9%88289/33%E0%B8%AB%E0%B8%A1%E0%B8%B9%E0%B9%88%E0%B8%97%E0%B8%B5%E0%B9%882
5b1eb696-5560-4469-91e9-d9a9101cfe05,SKN,บริษัท กรีน เพ็ทส์ ช็อป จำกัด,,,,https://www.google.com/maps/search/?api=1&query=%E0%B8%9A%E0%B8%A3%E0%B8%B4%E0%B8%A9%E0%B8%B1%E0%B8%97%20%E0%B8%81%E0%B8%A3%E0%B8%B5%E0%B8%99%20%E0%B9%80%E0%B8%9E%E0%B9%87%E0%B8%97%E0%B8%AA%E0%B9%8C%20%E0%B8%8A%E0%B9%87%E0%B8%AD%E0%B8%9B%20%E0%B8%88%E0%B8%B3%E0%B8%81%E0%B8%B1%E0%B8%94%20%E0%B9%80%E0%B8%A5%E0%B8%82%E0%B8%97%E0%B8%B5%E0%B9%8819/95%E0%B8%AB%E0%B8%A1%E0%B8%B9%E0%B9%88%E0%B8%97%E0%B8%B5%E0%B9%887
59d9d9f4-9f4d-4db4-bd6f-5e6941b83dd6,SKN,บริษัท กิตติศักดิ์ เพ็ทมาร์ท จำกัด,,,,https://www.google.com/maps/search/?api=1&query=%E0%B8%9A%E0%B8%A3%E0%B8%B4%E0%B8%A9%E0%B8%B1%E0%B8%97%20%E0%B8%81%E0%B8%B4%E0%B8%95%E0%B8%95%E0%B8%B4%E0%B8%A8%E0%B8%B1%E0%B8%81%E0%B8%94%E0%B8%B4%E0%B9%8C%20%E0%B9%80%E0%B8%9E%E0%B9%87%E0%B8%97%E0%B8%A1%E0%B8%B2%E0%B8%A3%E0%B9%8C%E0%B8%97%20%E0%B8%88%E0%B8%B3%E0%B8%81%E0%B8%B1%E0%B8%94%207%2C1
3084a917-811f-4577-a238-66e618e54374,SKN,บริษัท ด็อกกี้ ฮาร์ท จำกัด,,,,https://www.google.com/maps/search/?api=1&query=%E0%B8%9A%E0%B8%A3%E0%B8%B4%E0%B8%A9%E0%B8%B1%E0%B8%97%20%E0%B8%94%E0%B9%87%E0%B8%AD%E0%B8%81%E0%B8%81%E0%B8%B5%E0%B9%89%20%E0%B8%AE%E0%B8%B2%E0%B8%A3%E0%B9%8C%E0%B8%97%20%E0%B8%88%E0%B8%B3%E0%B8%81%E0%B8%B1%E0%B8%94%2055/15
8d64f9cd-26b3-4018-b24f-a4236bff18c1,SKN,บริษัท เดอะ คอมมอน เพ็ทส์ จำกัด,,,,https://www.google.com/maps/search/?api=1&query=%E0%B8%9A%E0%B8%A3%E0%B8%B4%E0%B8%A9%E0%B8%B1%E0%B8%97%20%E0%B9%80%E0%B8%94%E0%B8%AD%E0%B8%B0%20%E0%B8%84%E0%B8%AD%E0%B8%A1%E0%B8%A1%E0%B8%AD%E0%B8%99%20%E0%B9%80%E0%B8%9E%E0%B9%87%E0%B8%97%E0%B8%AA%E0%B9%8C%20%E0%B8%88%E0%B8%B3%E0%B8%81%E0%B8%B1%E0%B8%94%2025/141%E0%B8%A1.2
055559fb-01f6-4966-ba5e-745c14f5000e,SKN,บริษัท เดอะ เพ็ท ไอ แอม จำกัด,,,,https://www.google.com/maps/search/?api=1&query=%E0%B8%9A%E0%B8%A3%E0%B8%B4%E0%B8%A9%E0%B8%B1%E0%B8%97%20%E0%B9%80%E0%B8%94%E0%B8%AD%E0%B8%B0%20%E0%B9%80%E0%B8%9E%E0%B9%87%E0%B8%97%20%E0%B9%84%E0%B8%AD%20%E0%B9%81%E0%B8%AD%E0%B8%A1%20%E0%B8%88%E0%B8%B3%E0%B8%81%E0%B8%B1%E0%B8%94%20%E0%B9%80%E0%B8%A5%E0%B8%82%E0%B8%97%E0%B8%B5%E0%B9%8855/2-3
ac52343a-6e74-4a8b-be21-5d1dc0dbcd64,SKN,บริษัท บราวนี่ 168 กรุ๊ป จำกัด(สาขา 1),,,,https://www.google.com/maps/search/?api=1&query=%E0%B8%9A%E0%B8%A3%E0%B8%B4%E0%B8%A9%E0%B8%B1%E0%B8%97%20%E0%B8%9A%E0%B8%A3%E0%B8%B2%E0%B8%A7%E0%B8%99%E0%B8%B5%E0%B9%88%20168%20%E0%B8%81%E0%B8%A3%E0%B8%B8%E0%B9%8A%E0%B8%9B%20%E0%B8%88%E0%B8%B3%E0%B8%81%E0%B8%B1%E0%B8%94%28%E0%B8%AA%E0%B8%B2%E0%B8%82%E0%B8%B2%201%29%20%E0%B9%80%E0%B8%A5%E0%B8%82%E0%B8%97%E0%B8%B5%E0%B9%88181/36%E0%B8%A1.2
08af36ba-e185-40db-9d0e-48bb879fca6e,SKN,บริษัท บราวนี่ เพ็ทมาร์ท จำกัด (สำนักงานใหญ่),,,,https://www.google.com/maps/search/?api=1&query=%E0%B8%9A%E0%B8%A3%E0%B8%B4%E0%B8%A9%E0%B8%B1%E0%B8%97%20%E0%B8%9A%E0%B8%A3%E0%B8%B2%E0%B8%A7%E0%B8%99%E0%B8%B5%E0%B9%88%20%E0%B9%80%E0%B8%9E%E0%B9%87%E0%B8%97%E0%B8%A1%E0%B8%B2%E0%B8%A3%E0%B9%8C%E0%B8%97%20%E0%B8%88%E0%B8%B3%E0%B8%81%E0%B8%B1%E0%B8%94%20%28%E0%B8%AA%E0%B8%B3%E0%B8%99%E0%B8%B1%E0%B8%81%E0%B8%87%E0%B8%B2%E0%B8%99%E0%B9%83%E0%B8%AB%E0%B8%8D%E0%B9%88%29%20557/9%E0%B8%AB%E0%B8%A1%E0%B8%B9%E0%B9%88%E0%B8%97%E0%B8%B5%E0%B9%881
4b7dac83-07ce-4512-9ff7-9d874b6ad22a,SKN,บริษัท บราวนี่ อินเตอร์เพ็ทส์ จำกัด (สำนักงานใหญ่),,,,https://www.google.com/maps/search/?api=1&query=%E0%B8%9A%E0%B8%A3%E0%B8%B4%E0%B8%A9%E0%B8%B1%E0%B8%97%20%E0%B8%9A%E0%B8%A3%E0%B8%B2%E0%B8%A7%E0%B8%99%E0%B8%B5%E0%B9%88%20%E0%B8%AD%E0%B8%B4%E0%B8%99%E0%B9%80%E0%B8%95%E0%B8%AD%E0%B8%A3%E0%B9%8C%E0%B9%80%E0%B8%9E%E0%B9%87%E0%B8%97%E0%B8%AA%E0%B9%8C%20%E0%B8%88%E0%B8%B3%E0%B8%81%E0%B8%B1%E0%B8%94%20%28%E0%B8%AA%E0%B8%B3%E0%B8%99%E0%B8%B1%E0%B8%81%E0%B8%87%E0%B8%B2%E0%B8%99%E0%B9%83%E0%B8%AB%E0%B8%8D%E0%B9%88%29%2042/16-18%E0%B8%AB%E0%B8%A1%E0%B8%B9%E0%B9%8814
a1289c4d-c6ea-4d2d-ba06-042f9b37fbbe,SKN,บริษัท บราวนี่ อินเตอร์เพ็ทส์ จำกัด สาขา 2,,,,https://www.google.com/maps/search/?api=1&query=%E0%B8%9A%E0%B8%A3%E0%B8%B4%E0%B8%A9%E0%B8%B1%E0%B8%97%20%E0%B8%9A%E0%B8%A3%E0%B8%B2%E0%B8%A7%E0%B8%99%E0%B8%B5%E0%B9%88%20%E0%B8%AD%E0%B8%B4%E0%B8%99%E0%B9%80%E0%B8%95%E0%B8%AD%E0%B8%A3%E0%B9%8C%E0%B9%80%E0%B8%9E%E0%B9%87%E0%B8%97%E0%B8%AA%E0%B9%8C%20%E0%B8%88%E0%B8%B3%E0%B8%81%E0%B8%B1%E0%B8%94%20%E0%B8%AA%E0%B8%B2%E0%B8%82%E0%B8%B2%202%2042/16-18%E0%B8%AB%E0%B8%A1%E0%B8%B9%E0%B9%8814
9769ee1b-fb5f-4db0-a0a3-fdb52223e59d,SKN,บริษัท บัวจันทร์ กรุ๊ป จำกัด สาขาที่ 00004,,,,https://www.google.com/maps/search/?api=1&query=%E0%B8%9A%E0%B8%A3%E0%B8%B4%E0%B8%A9%E0%B8%B1%E0%B8%97%20%E0%B8%9A%E0%B8%B1%E0%B8%A7%E0%B8%88%E0%B8%B1%E0%B8%99%E0%B8%97%E0%B8%A3%E0%B9%8C%20%E0%B8%81%E0%B8%A3%E0%B8%B8%E0%B9%8A%E0%B8%9B%20%E0%B8%88%E0%B8%B3%E0%B8%81%E0%B8%B1%E0%B8%94%20%E0%B8%AA%E0%B8%B2%E0%B8%82%E0%B8%B2%E0%B8%97%E0%B8%B5%E0%B9%88%2000004%20PL10-001%2CPE01-001%2CPE01-002%2CPE01-003%2CPE01-004%2CPE01-005%2CPE01-006%2C%E0%B8%AB%E0%B8%A1%E0%B8%B9%E0%B9%889
b0743792-d65c-490b-9307-d4380f5e8328,SKN,บริษัท บัวจันทร์ กรุ๊ป จำกัด สาขาที่ 00005,,,,https://www.google.com/maps/search/?api=1&query=%E0%B8%9A%E0%B8%A3%E0%B8%B4%E0%B8%A9%E0%B8%B1%E0%B8%97%20%E0%B8%9A%E0%B8%B1%E0%B8%A7%E0%B8%88%E0%B8%B1%E0%B8%99%E0%B8%97%E0%B8%A3%E0%B9%8C%20%E0%B8%81%E0%B8%A3%E0%B8%B8%E0%B9%8A%E0%B8%9B%20%E0%B8%88%E0%B8%B3%E0%B8%81%E0%B8%B1%E0%B8%94%20%E0%B8%AA%E0%B8%B2%E0%B8%82%E0%B8%B2%E0%B8%97%E0%B8%B5%E0%B9%88%2000005%20111/1311%2C111/1312%2C111/1314%E0%B8%AB%E0%B8%A1%E0%B8%B9%E0%B9%881
6205c3ea-46d3-467e-8ca2-24bcae4fa118,SKN,บริษัท บัวจันทร์ กรุ๊ป จำกัด สาขาที่ 00010,,,,https://www.google.com/maps/search/?api=1&query=%E0%B8%9A%E0%B8%A3%E0%B8%B4%E0%B8%A9%E0%B8%B1%E0%B8%97%20%E0%B8%9A%E0%B8%B1%E0%B8%A7%E0%B8%88%E0%B8%B1%E0%B8%99%E0%B8%97%E0%B8%A3%E0%B9%8C%20%E0%B8%81%E0%B8%A3%E0%B8%B8%E0%B9%8A%E0%B8%9B%20%E0%B8%88%E0%B8%B3%E0%B8%81%E0%B8%B1%E0%B8%94%20%E0%B8%AA%E0%B8%B2%E0%B8%82%E0%B8%B2%E0%B8%97%E0%B8%B5%E0%B9%88%2000010%20121%E0%B8%AB%E0%B9%89%E0%B8%AD%E0%B8%87%E0%B9%80%E0%B8%A5%E0%B8%82%E0%B8%97%E0%B8%B5%E0%B9%88C4%2CC5%E0%B9%81%E0%B8%A5%E0%B8%B0C6%E0%B8%9B%E0%B8%B1%E0%B9%8A%E0%B8%A1%E0%B8%9A%E0%B8%B2%E0%B8%87%E0%B8%88%E0%B8%B2%E0%B8%81%E0%B8%AA%E0%B8%B2%E0%B8%82%E0%B8%B2%E0%B8%9A%E0%B8%B2%E0%B8%87%E0%B8%81%E0%B8%A3%E0%B8%A7%E0%B8%A2%E0%B8%A1.3
eef112fb-dce5-4542-a320-03203a67c643,SKN,บริษัท บัวจันทร์ กรุ๊ป จำกัด สาขาที่ 00012,,,,https://www.google.com/maps/search/?api=1&query=%E0%B8%9A%E0%B8%A3%E0%B8%B4%E0%B8%A9%E0%B8%B1%E0%B8%97%20%E0%B8%9A%E0%B8%B1%E0%B8%A7%E0%B8%88%E0%B8%B1%E0%B8%99%E0%B8%97%E0%B8%A3%E0%B9%8C%20%E0%B8%81%E0%B8%A3%E0%B8%B8%E0%B9%8A%E0%B8%9B%20%E0%B8%88%E0%B8%B3%E0%B8%81%E0%B8%B1%E0%B8%94%20%E0%B8%AA%E0%B8%B2%E0%B8%82%E0%B8%B2%E0%B8%97%E0%B8%B5%E0%B9%88%2000012%20159%E0%B8%AB%E0%B9%89%E0%B8%AD%E0%B8%87%E0%B9%80%E0%B8%A5%E0%B8%82%E0%B8%97%E0%B8%B5%E0%B9%889%2C10%2C11%E0%B8%9B%E0%B8%B1%E0%B9%8A%E0%B8%A1%E0%B8%84%E0%B8%A5%E0%B8%B2%E0%B9%80%E0%B8%97%E0%B9%87%E0%B8%81%E0%B8%8B%E0%B9%8C%E0%B8%AA%E0%B8%B2%E0%B8%82%E0%B8%B2%E0%B8%A5%E0%B8%B2%E0%B8%94%E0%B8%AA%E0%B8%A7%E0%B8%B2%E0%B8%A2%E0%B8%A1.5
344d3a2e-400f-4b8d-8706-83a294ab0360,SKN,บริษัท บัวจันทร์ กรุ๊ป จำกัด สาขาที่ 00013,,,,https://www.google.com/maps/search/?api=1&query=%E0%B8%9A%E0%B8%A3%E0%B8%B4%E0%B8%A9%E0%B8%B1%E0%B8%97%20%E0%B8%9A%E0%B8%B1%E0%B8%A7%E0%B8%88%E0%B8%B1%E0%B8%99%E0%B8%97%E0%B8%A3%E0%B9%8C%20%E0%B8%81%E0%B8%A3%E0%B8%B8%E0%B9%8A%E0%B8%9B%20%E0%B8%88%E0%B8%B3%E0%B8%81%E0%B8%B1%E0%B8%94%20%E0%B8%AA%E0%B8%B2%E0%B8%82%E0%B8%B2%E0%B8%97%E0%B8%B5%E0%B9%88%2000013%20187/15%E0%B8%A5%E0%B9%87%E0%B8%AD%E0%B8%84D6-D8%E0%B8%9B%E0%B8%B1%E0%B9%8A%E0%B8%A1%E0%B8%9B%E0%B8%95%E0%B8%97.%E0%B8%AA%E0%B8%B2%E0%B8%82%E0%B8%B2%E0%B8%9E%E0%B8%B8%E0%B8%98%E0%B8%A1%E0%B8%93%E0%B8%91%E0%B8%A5%E0%B8%AA%E0%B8%B2%E0%B8%A24%E0%B8%A1.7
57812960-db41-41c0-b1ba-580fe8b23069,SKN,บริษัท บัวจันทร์ กรุ๊ป จำกัด สาขาที่ 00015,,,,https://www.google.com/maps/search/?api=1&query=%E0%B8%9A%E0%B8%A3%E0%B8%B4%E0%B8%A9%E0%B8%B1%E0%B8%97%20%E0%B8%9A%E0%B8%B1%E0%B8%A7%E0%B8%88%E0%B8%B1%E0%B8%99%E0%B8%97%E0%B8%A3%E0%B9%8C%20%E0%B8%81%E0%B8%A3%E0%B8%B8%E0%B9%8A%E0%B8%9B%20%E0%B8%88%E0%B8%B3%E0%B8%81%E0%B8%B1%E0%B8%94%20%E0%B8%AA%E0%B8%B2%E0%B8%82%E0%B8%B2%E0%B8%97%E0%B8%B5%E0%B9%88%2000015%20102/16%E0%B8%AB%E0%B8%A1%E0%B8%B9%E0%B9%886
1d1ec08e-52d7-4a15-91f8-239a4ddfe9c8,SKN,บริษัท บัวจันทร์ กรุ๊ป จำกัด สำนักงานใหญ่,,,,https://www.google.com/maps/search/?api=1&query=%E0%B8%9A%E0%B8%A3%E0%B8%B4%E0%B8%A9%E0%B8%B1%E0%B8%97%20%E0%B8%9A%E0%B8%B1%E0%B8%A7%E0%B8%88%E0%B8%B1%E0%B8%99%E0%B8%97%E0%B8%A3%E0%B9%8C%20%E0%B8%81%E0%B8%A3%E0%B8%B8%E0%B9%8A%E0%B8%9B%20%E0%B8%88%E0%B8%B3%E0%B8%81%E0%B8%B1%E0%B8%94%20%E0%B8%AA%E0%B8%B3%E0%B8%99%E0%B8%B1%E0%B8%81%E0%B8%87%E0%B8%B2%E0%B8%99%E0%B9%83%E0%B8%AB%E0%B8%8D%E0%B9%88%2059/163%E0%B8%AB%E0%B8%A1%E0%B8%B9%E0%B9%88%E0%B8%97%E0%B8%B5%E0%B9%889
ed6483ee-77b7-43e6-8c68-94d50af1ed25,SKN,บริษัท เพ็ท คลับ จำกัด สาขาบูกิสภูเก็ต,,,,https://www.google.com/maps/search/?api=1&query=%E0%B8%9A%E0%B8%A3%E0%B8%B4%E0%B8%A9%E0%B8%B1%E0%B8%97%20%E0%B9%80%E0%B8%9E%E0%B9%87%E0%B8%97%20%E0%B8%84%E0%B8%A5%E0%B8%B1%E0%B8%9A%20%E0%B8%88%E0%B8%B3%E0%B8%81%E0%B8%B1%E0%B8%94%20%E0%B8%AA%E0%B8%B2%E0%B8%82%E0%B8%B2%E0%B8%9A%E0%B8%B9%E0%B8%81%E0%B8%B4%E0%B8%AA%E0%B8%A0%E0%B8%B9%E0%B9%80%E0%B8%81%E0%B9%87%E0%B8%95%20%E0%B9%82%E0%B8%84%E0%B8%A3%E0%B8%87%E0%B8%81%E0%B8%B2%E0%B8%A3%E0%B8%9A%E0%B8%B9%E0%B8%81%E0%B8%B4%E0%B8%AA%E0%B8%A0%E0%B8%B9%E0%B9%80%E0%B8%81%E0%B9%87%E0%B8%95%E0%B8%9A%E0%B8%B5-%E0%B9%80%E0%B8%AD%E0%B8%AA%E0%B9%80%E0%B8%AD2%E0%B9%82%E0%B8%8B%E0%B8%99%E0%B8%9A%E0%B8%B5%E0%B9%80%E0%B8%A5%E0%B8%82%E0%B8%97%E0%B8%B5%E0%B9%8889%E0%B8%AB%E0%B8%A1%E0%B8%B9%E0%B9%885
1af1cad5-3cc7-437e-b21a-c51f398c8906,SKN,บริษัท ไพศาลอิเล็กทรอนิกส์,,,,https://www.google.com/maps/search/?api=1&query=%E0%B8%9A%E0%B8%A3%E0%B8%B4%E0%B8%A9%E0%B8%B1%E0%B8%97%20%E0%B9%84%E0%B8%9E%E0%B8%A8%E0%B8%B2%E0%B8%A5%E0%B8%AD%E0%B8%B4%E0%B9%80%E0%B8%A5%E0%B9%87%E0%B8%81%E0%B8%97%E0%B8%A3%E0%B8%AD%E0%B8%99%E0%B8%B4%E0%B8%81%E0%B8%AA%E0%B9%8C%206M7M%2BRM7
10c2f2ad-77ac-450a-837e-adc47555fa86,SKN,บริษัท ฟิตวัน เพ็ทซัพพลายส์ จำกัด,,,,https://www.google.com/maps/search/?api=1&query=%E0%B8%9A%E0%B8%A3%E0%B8%B4%E0%B8%A9%E0%B8%B1%E0%B8%97%20%E0%B8%9F%E0%B8%B4%E0%B8%95%E0%B8%A7%E0%B8%B1%E0%B8%99%20%E0%B9%80%E0%B8%9E%E0%B9%87%E0%B8%97%E0%B8%8B%E0%B8%B1%E0%B8%9E%E0%B8%9E%E0%B8%A5%E0%B8%B2%E0%B8%A2%E0%B8%AA%E0%B9%8C%20%E0%B8%88%E0%B8%B3%E0%B8%81%E0%B8%B1%E0%B8%94%20%E0%B9%80%E0%B8%A5%E0%B8%82%E0%B8%97%E0%B8%B5%E0%B9%88158/18%E0%B8%AB%E0%B8%A1%E0%B8%B9%E0%B9%88%E0%B8%97%E0%B8%B5%E0%B9%884
fd97c532-9522-4abe-9c0e-f48f132fe926,SKN,บริษัท มายบัดดี้ เพ็ทช็อป จำกัด,,,,https://www.google.com/maps/search/?api=1&query=%E0%B8%9A%E0%B8%A3%E0%B8%B4%E0%B8%A9%E0%B8%B1%E0%B8%97%20%E0%B8%A1%E0%B8%B2%E0%B8%A2%E0%B8%9A%E0%B8%B1%E0%B8%94%E0%B8%94%E0%B8%B5%E0%B9%89%20%E0%B9%80%E0%B8%9E%E0%B9%87%E0%B8%97%E0%B8%8A%E0%B9%87%E0%B8%AD%E0%B8%9B%20%E0%B8%88%E0%B8%B3%E0%B8%81%E0%B8%B1%E0%B8%94%20%E0%B9%80%E0%B8%A5%E0%B8%82%E0%B8%97%E0%B8%B5%E0%B9%88168%E0%B8%AB%E0%B8%A1%E0%B8%B9%E0%B9%88%E0%B8%97%E0%B8%B5%E0%B9%889
7eebdb2a-393e-4632-aed0-4c0d258dd5c1,SKN,บริษัท โรงพยาบาลสัตว์ กะทู้ จำกัด,,,,https://www.google.com/maps/search/?api=1&query=%E0%B8%9A%E0%B8%A3%E0%B8%B4%E0%B8%A9%E0%B8%B1%E0%B8%97%20%E0%B9%82%E0%B8%A3%E0%B8%87%E0%B8%9E%E0%B8%A2%E0%B8%B2%E0%B8%9A%E0%B8%B2%E0%B8%A5%E0%B8%AA%E0%B8%B1%E0%B8%95%E0%B8%A7%E0%B9%8C%20%E0%B8%81%E0%B8%B0%E0%B8%97%E0%B8%B9%E0%B9%89%20%E0%B8%88%E0%B8%B3%E0%B8%81%E0%B8%B1%E0%B8%94%2015/28%E0%B8%A1.1
eb60f173-f54f-44e5-987f-fea8f5207fb9,SKN,บริษัท ลามอม เพ็ท โปรดักส์ จำกัด,,,,https://www.google.com/maps/search/?api=1&query=%E0%B8%9A%E0%B8%A3%E0%B8%B4%E0%B8%A9%E0%B8%B1%E0%B8%97%20%E0%B8%A5%E0%B8%B2%E0%B8%A1%E0%B8%AD%E0%B8%A1%20%E0%B9%80%E0%B8%9E%E0%B9%87%E0%B8%97%20%E0%B9%82%E0%B8%9B%E0%B8%A3%E0%B8%94%E0%B8%B1%E0%B8%81%E0%B8%AA%E0%B9%8C%20%E0%B8%88%E0%B8%B3%E0%B8%81%E0%B8%B1%E0%B8%94%20124/1%E0%B8%AB%E0%B8%A1%E0%B8%B9%E0%B9%884
61786456-622d-47a9-9a9c-1691c6c96465,SKN,บริษัท เวลธ์ ยูเนี่ยน เพ็ท จำกัด,,,,https://www.google.com/maps/search/?api=1&query=%E0%B8%9A%E0%B8%A3%E0%B8%B4%E0%B8%A9%E0%B8%B1%E0%B8%97%20%E0%B9%80%E0%B8%A7%E0%B8%A5%E0%B8%98%E0%B9%8C%20%E0%B8%A2%E0%B8%B9%E0%B9%80%E0%B8%99%E0%B8%B5%E0%B9%88%E0%B8%A2%E0%B8%99%20%E0%B9%80%E0%B8%9E%E0%B9%87%E0%B8%97%20%E0%B8%88%E0%B8%B3%E0%B8%81%E0%B8%B1%E0%B8%94%20%E0%B9%80%E0%B8%A5%E0%B8%82%E0%B8%97%E0%B8%B5%E0%B9%8817%E0%B8%96.%E0%B9%80%E0%B8%A5%E0%B8%B5%E0%B8%A2%E0%B8%9A%E0%B8%84%E0%B8%A5%E0%B8%AD%E0%B8%87%E0%B8%A3%E0%B8%B1%E0%B8%87%E0%B8%AA%E0%B8%B4%E0%B8%95
169704f4-d695-4578-9c5a-cf41051d83ab,SKN,บริษัท ศุภา แอนด์ เดอะแคด จำกัด,,,,https://www.google.com/maps/search/?api=1&query=%E0%B8%9A%E0%B8%A3%E0%B8%B4%E0%B8%A9%E0%B8%B1%E0%B8%97%20%E0%B8%A8%E0%B8%B8%E0%B8%A0%E0%B8%B2%20%E0%B9%81%E0%B8%AD%E0%B8%99%E0%B8%94%E0%B9%8C%20%E0%B9%80%E0%B8%94%E0%B8%AD%E0%B8%B0%E0%B9%81%E0%B8%84%E0%B8%94%20%E0%B8%88%E0%B8%B3%E0%B8%81%E0%B8%B1%E0%B8%94%20%E0%B9%80%E0%B8%A5%E0%B8%82%E0%B8%97%E0%B8%B5%E0%B9%8889/7%E0%B8%AB%E0%B8%A1%E0%B8%B9%E0%B9%883
cf809582-4731-4062-bc3a-6f2c668dc0d3,SKN,บริษัท อาร์ทีบี เพ็ท พารากอน จำกัด,,,,https://www.google.com/maps/search/?api=1&query=%E0%B8%9A%E0%B8%A3%E0%B8%B4%E0%B8%A9%E0%B8%B1%E0%B8%97%20%E0%B8%AD%E0%B8%B2%E0%B8%A3%E0%B9%8C%E0%B8%97%E0%B8%B5%E0%B8%9A%E0%B8%B5%20%E0%B9%80%E0%B8%9E%E0%B9%87%E0%B8%97%20%E0%B8%9E%E0%B8%B2%E0%B8%A3%E0%B8%B2%E0%B8%81%E0%B8%AD%E0%B8%99%20%E0%B8%88%E0%B8%B3%E0%B8%81%E0%B8%B1%E0%B8%94%20355%E0%B8%96%E0%B8%99%E0%B8%99%E0%B8%95%E0%B8%B4%E0%B8%A7%E0%B8%B2%E0%B8%99%E0%B8%99%E0%B8%97%E0%B9%8C
0e63aa96-5c9f-45c8-87a7-ccf092bd1035,SKN,บริษัท โอนิ เพ็ทช็อป จำกัด,,,,https://www.google.com/maps/search/?api=1&query=%E0%B8%9A%E0%B8%A3%E0%B8%B4%E0%B8%A9%E0%B8%B1%E0%B8%97%20%E0%B9%82%E0%B8%AD%E0%B8%99%E0%B8%B4%20%E0%B9%80%E0%B8%9E%E0%B9%87%E0%B8%97%E0%B8%8A%E0%B9%87%E0%B8%AD%E0%B8%9B%20%E0%B8%88%E0%B8%B3%E0%B8%81%E0%B8%B1%E0%B8%94%2028/137%E0%B8%AB%E0%B8%A1%E0%B8%B9%E0%B9%887%E0%B8%AB%E0%B8%A1%E0%B8%B9%E0%B9%88%E0%B8%9A%E0%B9%89%E0%B8%B2%E0%B8%99%E0%B8%96%E0%B8%B2%E0%B8%A7%E0%B8%A3%E0%B8%A7%E0%B8%B4%E0%B8%A5%E0%B8%A5%E0%B9%88%E0%B8%B2
e76e602c-2d5e-4da9-ae51-bb283f2d0a05,SKN,บริษัทริช อินเตอร์เทรด,,,,https://www.google.com/maps/search/?api=1&query=%E0%B8%9A%E0%B8%A3%E0%B8%B4%E0%B8%A9%E0%B8%B1%E0%B8%97%E0%B8%A3%E0%B8%B4%E0%B8%8A%20%E0%B8%AD%E0%B8%B4%E0%B8%99%E0%B9%80%E0%B8%95%E0%B8%AD%E0%B8%A3%E0%B9%8C%E0%B9%80%E0%B8%97%E0%B8%A3%E0%B8%94%20P72P%2BHJ6
fdddb319-9aa0-48ea-b1bb-fb48dd771d63,SKN,บัวจันทร์ เพ็ทช็อป สาขากิ่งแก้ว,,,,https://www.google.com/maps/search/?api=1&query=%E0%B8%9A%E0%B8%B1%E0%B8%A7%E0%B8%88%E0%B8%B1%E0%B8%99%E0%B8%97%E0%B8%A3%E0%B9%8C%20%E0%B9%80%E0%B8%9E%E0%B9%87%E0%B8%97%E0%B8%8A%E0%B9%87%E0%B8%AD%E0%B8%9B%20%E0%B8%AA%E0%B8%B2%E0%B8%82%E0%B8%B2%E0%B8%81%E0%B8%B4%E0%B9%88%E0%B8%87%E0%B9%81%E0%B8%81%E0%B9%89%E0%B8%A7%2026/64%E0%B8%A1.7
8016e90d-0c8e-4644-8a53-1d4afc58fe47,SKN,บัวจันทร์ตลาดไท,,,,https://www.google.com/maps/search/?api=1&query=%E0%B8%9A%E0%B8%B1%E0%B8%A7%E0%B8%88%E0%B8%B1%E0%B8%99%E0%B8%97%E0%B8%A3%E0%B9%8C%E0%B8%95%E0%B8%A5%E0%B8%B2%E0%B8%94%E0%B9%84%E0%B8%97%20Unnamed%20Road
6f73c035-8069-4029-87d8-1da7c9dec614,SKN,บัวจันทร์ร่มเกล้า,,,,https://www.google.com/maps/search/?api=1&query=%E0%B8%9A%E0%B8%B1%E0%B8%A7%E0%B8%88%E0%B8%B1%E0%B8%99%E0%B8%97%E0%B8%A3%E0%B9%8C%E0%B8%A3%E0%B9%88%E0%B8%A1%E0%B9%80%E0%B8%81%E0%B8%A5%E0%B9%89%E0%B8%B2%20D6%2C%20D7%20%E0%B8%AD%E0%B8%B2%E0%B8%84%E0%B8%B2%E0%B8%A3%20D%20%E0%B8%AB%E0%B9%89%E0%B8%AD%E0%B8%87%E0%B9%80%E0%B8%A5%E0%B8%82%E0%B8%97%E0%B8%B5%E0%B9%88%20D5%20995/7%20D8%20%E0%B8%96.%20%E0%B9%80%E0%B8%84%E0%B8%AB%E0%B8%B0%E0%B8%A3%E0%B9%88%E0%B8%A1%E0%B9%80%E0%B8%81%E0%B8%A5%E0%B9%89%E0%B8%B2
a8e1a5e8-a661-499e-b110-987b63cf0c26,SKN,บัวจันทร์ไอยรา,,,,https://www.google.com/maps/search/?api=1&query=%E0%B8%9A%E0%B8%B1%E0%B8%A7%E0%B8%88%E0%B8%B1%E0%B8%99%E0%B8%97%E0%B8%A3%E0%B9%8C%E0%B9%84%E0%B8%AD%E0%B8%A2%E0%B8%A3%E0%B8%B2%20-
3a7fc355-3345-4918-b227-0ba846745ceb,SKN,บิ๊กจอน เพ็ท,,,,https://www.google.com/maps/search/?api=1&query=%E0%B8%9A%E0%B8%B4%E0%B9%8A%E0%B8%81%E0%B8%88%E0%B8%AD%E0%B8%99%20%E0%B9%80%E0%B8%9E%E0%B9%87%E0%B8%97%20%E0%B9%80%E0%B8%A5%E0%B8%82%E0%B8%97%E0%B8%B5%E0%B9%8880%E0%B8%96%E0%B8%99%E0%B8%99%E0%B8%AB%E0%B9%89%E0%B8%A7%E0%B8%A2%E0%B9%82%E0%B8%9B%E0%B9%88%E0%B8%87-%E0%B8%AB%E0%B8%99%E0%B8%AD%E0%B8%87%E0%B8%9A%E0%B8%AD%E0%B8%99
aea9c25a-e066-4575-a37a-a21e4015eda5,SKN,ปอดา เพ็ทช็อป,,,,https://www.google.com/maps/search/?api=1&query=%E0%B8%9B%E0%B8%AD%E0%B8%94%E0%B8%B2%20%E0%B9%80%E0%B8%9E%E0%B9%87%E0%B8%97%E0%B8%8A%E0%B9%87%E0%B8%AD%E0%B8%9B%2069/120%E0%B8%96.%E0%B8%94%E0%B8%B2%E0%B8%A7%E0%B8%94%E0%B8%B6%E0%B8%87%E0%B8%AA%E0%B9%8C
d1242ec8-ac61-49b9-851d-fce9b8497ecc,SKN,ปัณณ์ ปอนด์ เพ็ทช็อป,,,,https://www.google.com/maps/search/?api=1&query=%E0%B8%9B%E0%B8%B1%E0%B8%93%E0%B8%93%E0%B9%8C%20%E0%B8%9B%E0%B8%AD%E0%B8%99%E0%B8%94%E0%B9%8C%20%E0%B9%80%E0%B8%9E%E0%B9%87%E0%B8%97%E0%B8%8A%E0%B9%87%E0%B8%AD%E0%B8%9B%2016/9%E0%B8%AB%E0%B8%A1%E0%B8%B9%E0%B9%889
aa3110f6-8036-4ed3-8206-f5b67a8daf69,SKN,ปิ่นโต ข้าวสาร,,,,https://www.google.com/maps/search/?api=1&query=%E0%B8%9B%E0%B8%B4%E0%B9%88%E0%B8%99%E0%B9%82%E0%B8%95%20%E0%B8%82%E0%B9%89%E0%B8%B2%E0%B8%A7%E0%B8%AA%E0%B8%B2%E0%B8%A3%20%E0%B9%80%E0%B8%A5%E0%B8%82%E0%B8%97%E0%B8%B5%E0%B9%8837/350%E0%B8%AB%E0%B8%A1%E0%B8%B9%E0%B9%88%E0%B8%9A%E0%B9%89%E0%B8%B2%E0%B8%99%E0%B8%9E%E0%B8%A4%E0%B8%81%E0%B8%A9%E0%B8%B213
5aea5761-5964-4baa-9585-2e390f767e1d,SKN,ผู้หมวด เพ็ทช็อป BY หมวดเพลิน,,,,https://www.google.com/maps/search/?api=1&query=%E0%B8%9C%E0%B8%B9%E0%B9%89%E0%B8%AB%E0%B8%A1%E0%B8%A7%E0%B8%94%20%E0%B9%80%E0%B8%9E%E0%B9%87%E0%B8%97%E0%B8%8A%E0%B9%87%E0%B8%AD%E0%B8%9B%20BY%20%E0%B8%AB%E0%B8%A1%E0%B8%A7%E0%B8%94%E0%B9%80%E0%B8%9E%E0%B8%A5%E0%B8%B4%E0%B8%99%20%E0%B9%80%E0%B8%A5%E0%B8%82%E0%B8%97%E0%B8%B5%E0%B9%8862/65%E0%B8%AB%E0%B8%A1%E0%B8%B9%E0%B9%88%E0%B8%97%E0%B8%B5%E0%B9%884
67d596d5-5e86-4f23-833d-d68c6aeee411,SKN,พชรเพ็ทช็อป,,,,https://www.google.com/maps/search/?api=1&query=%E0%B8%9E%E0%B8%8A%E0%B8%A3%E0%B9%80%E0%B8%9E%E0%B9%87%E0%B8%97%E0%B8%8A%E0%B9%87%E0%B8%AD%E0%B8%9B%20%23N/A1068
07bbb8cf-b58f-484b-ab64-0d7c5ea21cc0,SKN,พรวศินเพ็ทช็อป สาขา 4 ประปานคร,,,,https://www.google.com/maps/search/?api=1&query=%E0%B8%9E%E0%B8%A3%E0%B8%A7%E0%B8%A8%E0%B8%B4%E0%B8%99%E0%B9%80%E0%B8%9E%E0%B9%87%E0%B8%97%E0%B8%8A%E0%B9%87%E0%B8%AD%E0%B8%9B%20%E0%B8%AA%E0%B8%B2%E0%B8%82%E0%B8%B2%204%20%E0%B8%9B%E0%B8%A3%E0%B8%B0%E0%B8%9B%E0%B8%B2%E0%B8%99%E0%B8%84%E0%B8%A3%2037/9%E0%B8%96.%E0%B8%99%E0%B8%B2%E0%B8%AA%E0%B8%A3%E0%B9%89%E0%B8%B2%E0%B8%87
71d7890d-fca7-483d-975b-bda0deec9e61,SKN,พรวศินเพ็ทช็อป สาขาประปานคร,,,,https://www.google.com/maps/search/?api=1&query=%E0%B8%9E%E0%B8%A3%E0%B8%A7%E0%B8%A8%E0%B8%B4%E0%B8%99%E0%B9%80%E0%B8%9E%E0%B9%87%E0%B8%97%E0%B8%8A%E0%B9%87%E0%B8%AD%E0%B8%9B%20%E0%B8%AA%E0%B8%B2%E0%B8%82%E0%B8%B2%E0%B8%9B%E0%B8%A3%E0%B8%B0%E0%B8%9B%E0%B8%B2%E0%B8%99%E0%B8%84%E0%B8%A3%2037/9%E0%B8%96.%E0%B8%99%E0%B8%B2%E0%B8%AA%E0%B8%A3%E0%B9%89%E0%B8%B2%E0%B8%87
74c75e36-abf6-42ba-b446-dacf41a531cf,SKN,พีพี เพ็ท ซัพพลาย,,,,https://www.google.com/maps/search/?api=1&query=%E0%B8%9E%E0%B8%B5%E0%B8%9E%E0%B8%B5%20%E0%B9%80%E0%B8%9E%E0%B9%87%E0%B8%97%20%E0%B8%8B%E0%B8%B1%E0%B8%9E%E0%B8%9E%E0%B8%A5%E0%B8%B2%E0%B8%A2%20192%E0%B8%96.%E0%B8%AA%E0%B8%B8%E0%B8%82%E0%B8%B8%E0%B8%A1%E0%B8%A7%E0%B8%B4%E0%B8%97
04e4ab08-6761-4d67-ba53-c68f36e68523,SKN,เพชรค้าข้าว,,,,https://www.google.com/maps/search/?api=1&query=%E0%B9%80%E0%B8%9E%E0%B8%8A%E0%B8%A3%E0%B8%84%E0%B9%89%E0%B8%B2%E0%B8%82%E0%B9%89%E0%B8%B2%E0%B8%A7%20%E0%B9%80%E0%B8%A5%E0%B8%82%E0%B8%97%E0%B8%B5%E0%B9%88113/20%E0%B8%AB%E0%B8%A1%E0%B8%B9%E0%B9%88%E0%B8%97%E0%B8%B5%E0%B9%884
16baea8d-5e8e-49d1-a330-7c8e774520b9,SKN,เพ็ญศรี วัสดุ,,,,https://www.google.com/maps/search/?api=1&query=%E0%B9%80%E0%B8%9E%E0%B9%87%E0%B8%8D%E0%B8%A8%E0%B8%A3%E0%B8%B5%20%E0%B8%A7%E0%B8%B1%E0%B8%AA%E0%B8%94%E0%B8%B8%20%E0%B9%80%E0%B8%A5%E0%B8%82%E0%B8%97%E0%B8%B5%E0%B9%88203%E0%B8%A1.9
5b54a9d7-3687-4134-8a83-2735b06cb632,SKN,เพ็ทคลับ ซีคอน ศรีนครินทร์,,,,https://www.google.com/maps/search/?api=1&query=%E0%B9%80%E0%B8%9E%E0%B9%87%E0%B8%97%E0%B8%84%E0%B8%A5%E0%B8%B1%E0%B8%9A%20%E0%B8%8B%E0%B8%B5%E0%B8%84%E0%B8%AD%E0%B8%99%20%E0%B8%A8%E0%B8%A3%E0%B8%B5%E0%B8%99%E0%B8%84%E0%B8%A3%E0%B8%B4%E0%B8%99%E0%B8%97%E0%B8%A3%E0%B9%8C%2055%20%E0%B8%A8%E0%B8%B9%E0%B8%99%E0%B8%A2%E0%B9%8C%E0%B8%81%E0%B8%B2%E0%B8%A3%E0%B8%84%E0%B9%89%E0%B8%B2%E0%B8%8B%E0%B8%B5%E0%B8%84%E0%B8%AD%E0%B8%99%E0%B8%AA%E0%B9%81%E0%B8%84%E0%B8%A7%E0%B8%A3%E0%B9%8C%20%E0%B8%AB%E0%B9%89%E0%B8%AD%E0%B8%87%20%E0%B8%9A%E0%B8%B5%200044-%E0%B8%9A%E0%B8%B50047%20%E0%B8%96.%20%E0%B8%A8%E0%B8%A3%E0%B8%B5%E0%B8%99%E0%B8%84%E0%B8%A3%E0%B8%B4%E0%B8%99%E0%B8%97%E0%B8%A3%E0%B9%8C
0f5a8ecc-2588-45ce-8ca8-384790794207,SKN,เพ็ทคลับ เดอะพรอมานาด,,,,https://www.google.com/maps/search/?api=1&query=%E0%B9%80%E0%B8%9E%E0%B9%87%E0%B8%97%E0%B8%84%E0%B8%A5%E0%B8%B1%E0%B8%9A%20%E0%B9%80%E0%B8%94%E0%B8%AD%E0%B8%B0%E0%B8%9E%E0%B8%A3%E0%B8%AD%E0%B8%A1%E0%B8%B2%E0%B8%99%E0%B8%B2%E0%B8%94%20RMGH%2BJ2Q%20%E0%B8%A8%E0%B8%B9%E0%B8%99%E0%B8%A2%E0%B9%8C%E0%B8%81%E0%B8%B2%E0%B8%A3%E0%B8%84%E0%B9%89%E0%B8%B2%E0%B9%80%E0%B8%94%E0%B8%AD%E0%B8%B0%E0%B8%9E%E0%B8%A3%E0%B8%AD%E0%B8%A1%E0%B8%B2%E0%B8%99%E0%B8%B2%E0%B8%94%20%E0%B8%8A%E0%B8%B1%E0%B9%89%E0%B8%99%E0%B8%97%E0%B8%B5%E0%B9%88%201%20%E0%B8%AB%E0%B9%89%E0%B8%AD%E0%B8%87%E0%B9%80%E0%B8%A5%E0%B8%82%E0%B8%97%E0%B8%B5%E0%B9%88%20%E0%B8%9E%E0%B8%B5%201054%20%E0%B8%96.%20%E0%B8%A3%E0%B8%B2%E0%B8%A1%E0%B8%AD%E0%B8%B4%E0%B8%99%E0%B8%97%E0%B8%A3%E0%B8%B2
d6cc7112-5a3d-4b86-8d6c-6c53ce2de332,SKN,เพ็ทคลับเมกาบางนา,,,,https://www.google.com/maps/search/?api=1&query=%E0%B9%80%E0%B8%9E%E0%B9%87%E0%B8%97%E0%B8%84%E0%B8%A5%E0%B8%B1%E0%B8%9A%E0%B9%80%E0%B8%A1%E0%B8%81%E0%B8%B2%E0%B8%9A%E0%B8%B2%E0%B8%87%E0%B8%99%E0%B8%B2%20Unit%20%230902%2C%2038%2C%2038%20/%201-3%2C%2039%20%E0%B8%97%E0%B8%B2%E0%B8%87%E0%B8%84%E0%B8%B9%E0%B9%88%E0%B8%82%E0%B8%99%E0%B8%B2%E0%B8%99%20%E0%B8%96%E0%B8%99%E0%B8%99%E0%B8%9A%E0%B8%B2%E0%B8%87%E0%B8%99%E0%B8%B2-%E0%B8%95%E0%B8%A3%E0%B8%B2%E0%B8%94
93dc27b3-63f2-4a26-8220-2aa1ce9dfb6a,SKN,เพ็ทคาซ่า,,,,https://www.google.com/maps/search/?api=1&query=%E0%B9%80%E0%B8%9E%E0%B9%87%E0%B8%97%E0%B8%84%E0%B8%B2%E0%B8%8B%E0%B9%88%E0%B8%B2%2029/15%E0%B8%AB%E0%B8%A1%E0%B8%B9%E0%B9%88%E0%B8%97%E0%B8%B5%E0%B9%8818
e8007046-7340-4f4f-b6b0-675a95c26347,SKN,เพ็ทชัวร์,,,,https://www.google.com/maps/search/?api=1&query=%E0%B9%80%E0%B8%9E%E0%B9%87%E0%B8%97%E0%B8%8A%E0%B8%B1%E0%B8%A7%E0%B8%A3%E0%B9%8C%2031%E0%B8%AB%E0%B8%A1%E0%B8%B9%E0%B9%889%20%E0%B9%82%E0%B8%8B%E0%B8%99%E0%B8%AA%E0%B8%B1%E0%B8%95%E0%B8%A7%E0%B9%8C%E0%B9%80%E0%B8%A5%E0%B8%B5%E0%B9%89%E0%B8%A2%E0%B8%87%20%E0%B8%95%E0%B8%A5%E0%B8%B2%E0%B8%94%E0%B9%84%E0%B8%97
9309f019-5c1c-4550-862e-b5423d2006ae,SKN,เพ็ทซีซั่น,,,,https://www.google.com/maps/search/?api=1&query=%E0%B9%80%E0%B8%9E%E0%B9%87%E0%B8%97%E0%B8%8B%E0%B8%B5%E0%B8%8B%E0%B8%B1%E0%B9%88%E0%B8%99%201/1%28%E0%B8%AB%E0%B9%89%E0%B8%AD%E0%B8%87CA12-%E0%B8%95%E0%B8%A5%E0%B8%B2%E0%B8%94%E0%B8%95%E0%B9%89%E0%B8%99%E0%B8%AA%E0%B8%B1%E0%B8%81%29%E0%B8%8B%E0%B8%AD%E0%B8%A2%E0%B8%99%E0%B8%99%E0%B8%97%E0%B8%9A%E0%B8%B8%E0%B8%A3%E0%B8%B515
8f049eb8-9a74-40d0-aa0c-ec5d1b4abbc3,SKN,เพ็ทยืนหนึ่ง,,,,https://www.google.com/maps/search/?api=1&query=%E0%B9%80%E0%B8%9E%E0%B9%87%E0%B8%97%E0%B8%A2%E0%B8%B7%E0%B8%99%E0%B8%AB%E0%B8%99%E0%B8%B6%E0%B9%88%E0%B8%87%20%E0%B9%80%E0%B8%A5%E0%B8%82%E0%B8%97%E0%B8%B5%E0%B9%8811/11
a7bb00da-04d2-46cf-9bda-e4b83f92899f,SKN,เพ็ทรูม (Pet room) สาขาบางปะอิน,,,,https://www.google.com/maps/search/?api=1&query=%E0%B9%80%E0%B8%9E%E0%B9%87%E0%B8%97%E0%B8%A3%E0%B8%B9%E0%B8%A1%20%28Pet%20room%29%20%E0%B8%AA%E0%B8%B2%E0%B8%82%E0%B8%B2%E0%B8%9A%E0%B8%B2%E0%B8%87%E0%B8%9B%E0%B8%B0%E0%B8%AD%E0%B8%B4%E0%B8%99%20141/34%E0%B8%A1.2
91abf53e-bfb5-4a98-bb83-103024893a3e,SKN,เพ็ทส์กิน แอนด์ ทรัพย์สโตร์,,,,https://www.google.com/maps/search/?api=1&query=%E0%B9%80%E0%B8%9E%E0%B9%87%E0%B8%97%E0%B8%AA%E0%B9%8C%E0%B8%81%E0%B8%B4%E0%B8%99%20%E0%B9%81%E0%B8%AD%E0%B8%99%E0%B8%94%E0%B9%8C%20%E0%B8%97%E0%B8%A3%E0%B8%B1%E0%B8%9E%E0%B8%A2%E0%B9%8C%E0%B8%AA%E0%B9%82%E0%B8%95%E0%B8%A3%E0%B9%8C%2078%E0%B8%AB%E0%B8%A1%E0%B8%B9%E0%B9%884%E0%B8%AD%E0%B8%B2%E0%B8%84%E0%B8%B2%E0%B8%A3%E0%B9%84%E0%B8%97%E0%B8%A7%E0%B8%B1%E0%B8%AA%E0%B8%94%E0%B8%B8%E0%B8%AA%E0%B8%B2%E0%B8%82%E0%B8%B2%E0%B9%81%E0%B8%88%E0%B9%89%E0%B8%87%E0%B8%A7%E0%B8%B1%E0%B8%92%E0%B8%99%E0%B8%B0
2b1daf82-90fd-4aa9-9443-f4165ad5a198,SKN,เพ็ทสเตชัน สาขาสนามบินน้ำ,,,,https://www.google.com/maps/search/?api=1&query=%E0%B9%80%E0%B8%9E%E0%B9%87%E0%B8%97%E0%B8%AA%E0%B9%80%E0%B8%95%E0%B8%8A%E0%B8%B1%E0%B8%99%20%E0%B8%AA%E0%B8%B2%E0%B8%82%E0%B8%B2%E0%B8%AA%E0%B8%99%E0%B8%B2%E0%B8%A1%E0%B8%9A%E0%B8%B4%E0%B8%99%E0%B8%99%E0%B9%89%E0%B8%B3%20339/2
195d8326-ce98-4310-831c-6ec8612a16f6,SKN,ฟิช มาร์ท สาขาที่ 2,,,,https://www.google.com/maps/search/?api=1&query=%E0%B8%9F%E0%B8%B4%E0%B8%8A%20%E0%B8%A1%E0%B8%B2%E0%B8%A3%E0%B9%8C%E0%B8%97%20%E0%B8%AA%E0%B8%B2%E0%B8%82%E0%B8%B2%E0%B8%97%E0%B8%B5%E0%B9%88%202%20%E0%B9%80%E0%B8%9E%E0%B9%87%E0%B8%97%E0%B8%A1%E0%B8%B2%E0%B8%A3%E0%B9%8C%E0%B8%973/6%E0%B8%A1.2
79282c84-b648-4b40-af2b-fb56425772f3,SKN,ฟิต วัน เพ็ทมาร์ท,,,,https://www.google.com/maps/search/?api=1&query=%E0%B8%9F%E0%B8%B4%E0%B8%95%20%E0%B8%A7%E0%B8%B1%E0%B8%99%20%E0%B9%80%E0%B8%9E%E0%B9%87%E0%B8%97%E0%B8%A1%E0%B8%B2%E0%B8%A3%E0%B9%8C%E0%B8%97%20%E0%B9%80%E0%B8%A5%E0%B8%82%E0%B8%97%E0%B8%B5%E0%B9%8873/19%E0%B8%A1.3
d5131419-de3b-4ded-bdd3-61553de2b76e,SKN,เฟอแจ๊ค,,,,https://www.google.com/maps/search/?api=1&query=%E0%B9%80%E0%B8%9F%E0%B8%AD%E0%B9%81%E0%B8%88%E0%B9%8A%E0%B8%84%20210/27%E0%B8%A1.7
bcddbfce-6965-4e2a-bd95-2dc20130a57b,SKN,ภูเก็ตโกรเซอรี่ สาขาถลาง,,,,https://www.google.com/maps/search/?api=1&query=%E0%B8%A0%E0%B8%B9%E0%B9%80%E0%B8%81%E0%B9%87%E0%B8%95%E0%B9%82%E0%B8%81%E0%B8%A3%E0%B9%80%E0%B8%8B%E0%B8%AD%E0%B8%A3%E0%B8%B5%E0%B9%88%20%E0%B8%AA%E0%B8%B2%E0%B8%82%E0%B8%B2%E0%B8%96%E0%B8%A5%E0%B8%B2%E0%B8%87%20177/10%E0%B8%AB%E0%B8%A1%E0%B8%B9%E0%B9%881
5dc963d0-f48d-4f70-bc60-8592984d11d4,SKN,มันนี่เพ็ทช็อป,,,,https://www.google.com/maps/search/?api=1&query=%E0%B8%A1%E0%B8%B1%E0%B8%99%E0%B8%99%E0%B8%B5%E0%B9%88%E0%B9%80%E0%B8%9E%E0%B9%87%E0%B8%97%E0%B8%8A%E0%B9%87%E0%B8%AD%E0%B8%9B%20131/6%E0%B8%AB%E0%B8%A1%E0%B8%B9%E0%B9%88%E0%B8%97%E0%B8%B5%E0%B9%884
bfd4a2eb-8923-4a45-b8bc-b0f975e7929c,SKN,มาบตาพุดเพ็ทช็อป,,,,https://www.google.com/maps/search/?api=1&query=%E0%B8%A1%E0%B8%B2%E0%B8%9A%E0%B8%95%E0%B8%B2%E0%B8%9E%E0%B8%B8%E0%B8%94%E0%B9%80%E0%B8%9E%E0%B9%87%E0%B8%97%E0%B8%8A%E0%B9%87%E0%B8%AD%E0%B8%9B%20%E0%B9%80%E0%B8%A5%E0%B8%82%E0%B8%97%E0%B8%B5%E0%B9%8876-76/1
3f7800ac-c813-40ed-b506-66adcfc3905d,SKN,มารวยเพ็ทช็อป,,,,https://www.google.com/maps/search/?api=1&query=%E0%B8%A1%E0%B8%B2%E0%B8%A3%E0%B8%A7%E0%B8%A2%E0%B9%80%E0%B8%9E%E0%B9%87%E0%B8%97%E0%B8%8A%E0%B9%87%E0%B8%AD%E0%B8%9B%20%E0%B9%80%E0%B8%A5%E0%B8%82%E0%B8%97%E0%B8%B5%E0%B9%88402/21%E0%B8%AB%E0%B8%A1%E0%B8%B9%E0%B9%88%E0%B8%9A%E0%B9%89%E0%B8%B2%E0%B8%99%E0%B8%A3%E0%B8%B0%E0%B8%A2%E0%B8%AD%E0%B8%87%E0%B8%9A%E0%B8%B4%E0%B8%8B%E0%B8%9E%E0%B8%A3%E0%B9%8C%E0%B8%84
e30fb425-1cc0-4943-bb0c-e0e4551792d9,SKN,เมโลดี้เพ็ทช็อป,,,,https://www.google.com/maps/search/?api=1&query=%E0%B9%80%E0%B8%A1%E0%B9%82%E0%B8%A5%E0%B8%94%E0%B8%B5%E0%B9%89%E0%B9%80%E0%B8%9E%E0%B9%87%E0%B8%97%E0%B8%8A%E0%B9%87%E0%B8%AD%E0%B8%9B%20%E0%B9%80%E0%B8%A5%E0%B8%82%E0%B8%97%E0%B8%B5%E0%B9%88179/375%E0%B8%AB%E0%B8%A1%E0%B8%B9%E0%B9%887
5ca1a191-5bc1-4586-8ae2-24d63079c59b,SKN,แมคกี้ แอนด์ โมเดล เพ็ทช็อป,,,,https://www.google.com/maps/search/?api=1&query=%E0%B9%81%E0%B8%A1%E0%B8%84%E0%B8%81%E0%B8%B5%E0%B9%89%20%E0%B9%81%E0%B8%AD%E0%B8%99%E0%B8%94%E0%B9%8C%20%E0%B9%82%E0%B8%A1%E0%B9%80%E0%B8%94%E0%B8%A5%20%E0%B9%80%E0%B8%9E%E0%B9%87%E0%B8%97%E0%B8%8A%E0%B9%87%E0%B8%AD%E0%B8%9B%2046/2%E0%B8%96.%E0%B9%80%E0%B8%A7%E0%B8%AA%E0%B8%AA%E0%B8%B8%E0%B8%A7%E0%B8%A3%E0%B8%A3%E0%B8%93%E0%B9%8C
2343d990-cb1b-46af-b8ff-ff02f0a7c83d,SKN,โมเดริ้นด๊อก,,,,https://www.google.com/maps/search/?api=1&query=%E0%B9%82%E0%B8%A1%E0%B9%80%E0%B8%94%E0%B8%A3%E0%B8%B4%E0%B9%89%E0%B8%99%E0%B8%94%E0%B9%8A%E0%B8%AD%E0%B8%81%207/65-66%E0%B8%96.%E0%B9%80%E0%B8%88%E0%B9%89%E0%B8%B2%E0%B8%9F%E0%B9%89%E0%B8%B2%E0%B8%95%E0%B8%B0%E0%B8%A7%E0%B8%B1%E0%B8%99%E0%B8%AD%E0%B8%AD%E0%B8%81
7e85c34d-d0dd-4566-8129-a9ac238572dc,SKN,โมเดิร์นเพ็ท,,,,https://www.google.com/maps/search/?api=1&query=%E0%B9%82%E0%B8%A1%E0%B9%80%E0%B8%94%E0%B8%B4%E0%B8%A3%E0%B9%8C%E0%B8%99%E0%B9%80%E0%B8%9E%E0%B9%87%E0%B8%97%2015/20-21%E0%B8%AB%E0%B8%A1%E0%B8%B9%E0%B9%881%E0%B8%96.%E0%B8%A7%E0%B8%B4%E0%B8%8A%E0%B8%B4%E0%B8%95%E0%B8%AA%E0%B8%87%E0%B8%84%E0%B8%A3%E0%B8%B2%E0%B8%A1
f64fb28b-4068-4727-bb78-ec34e5448b56,SKN,ร้าน cocopetshop,,,,https://www.google.com/maps/search/?api=1&query=%E0%B8%A3%E0%B9%89%E0%B8%B2%E0%B8%99%20cocopetshop%20%E0%B9%80%E0%B8%A5%E0%B8%82%E0%B8%97%E0%B8%B5%E0%B9%88479/909%E0%B8%96.%E0%B8%97%E0%B8%AB%E0%B8%B2%E0%B8%A3%E0%B8%9A%E0%B8%81
f7fef134-16fc-4d63-9b21-a6897b53d1f1,SKN,ร้าน กู๊ดแคท เพ็ทช็อป,,,,https://www.google.com/maps/search/?api=1&query=%E0%B8%A3%E0%B9%89%E0%B8%B2%E0%B8%99%20%E0%B8%81%E0%B8%B9%E0%B9%8A%E0%B8%94%E0%B9%81%E0%B8%84%E0%B8%97%20%E0%B9%80%E0%B8%9E%E0%B9%87%E0%B8%97%E0%B8%8A%E0%B9%87%E0%B8%AD%E0%B8%9B%20%E0%B9%80%E0%B8%A5%E0%B8%82%E0%B8%97%E0%B8%B5%E0%B9%8844/3%E0%B8%AB%E0%B9%89%E0%B8%AD%E0%B8%87%E0%B8%97%E0%B8%B5%E0%B9%888%E0%B8%AB%E0%B8%A1%E0%B8%B9%E0%B9%88%E0%B8%97%E0%B8%B5%E0%B9%883
fd0490da-76cd-40a2-bbe0-2d5111a6c64a,SKN,ร้าน น้ำตาลเพ็ทมาร์ท สาขาโลตัส รังสิต (เรนโบว์ เพ็ทช็อป),,,,https://www.google.com/maps/search/?api=1&query=%E0%B8%A3%E0%B9%89%E0%B8%B2%E0%B8%99%20%E0%B8%99%E0%B9%89%E0%B8%B3%E0%B8%95%E0%B8%B2%E0%B8%A5%E0%B9%80%E0%B8%9E%E0%B9%87%E0%B8%97%E0%B8%A1%E0%B8%B2%E0%B8%A3%E0%B9%8C%E0%B8%97%20%E0%B8%AA%E0%B8%B2%E0%B8%82%E0%B8%B2%E0%B9%82%E0%B8%A5%E0%B8%95%E0%B8%B1%E0%B8%AA%20%E0%B8%A3%E0%B8%B1%E0%B8%87%E0%B8%AA%E0%B8%B4%E0%B8%95%20%28%E0%B9%80%E0%B8%A3%E0%B8%99%E0%B9%82%E0%B8%9A%E0%B8%A7%E0%B9%8C%20%E0%B9%80%E0%B8%9E%E0%B9%87%E0%B8%97%E0%B8%8A%E0%B9%87%E0%B8%AD%E0%B8%9B%29%20801%E0%B8%96.%E0%B8%9E%E0%B8%AB%E0%B8%A5%E0%B9%82%E0%B8%A2%E0%B8%98%E0%B8%B4%E0%B8%99
24544f7b-451b-4a3d-8af4-ed23b897995d,SKN,ร้าน บัวหลวง เพ็ทช็อป (นางสุวรรณะ เกษมธีระสมบูรณ์),,,,https://www.google.com/maps/search/?api=1&query=%E0%B8%A3%E0%B9%89%E0%B8%B2%E0%B8%99%20%E0%B8%9A%E0%B8%B1%E0%B8%A7%E0%B8%AB%E0%B8%A5%E0%B8%A7%E0%B8%87%20%E0%B9%80%E0%B8%9E%E0%B9%87%E0%B8%97%E0%B8%8A%E0%B9%87%E0%B8%AD%E0%B8%9B%20%28%E0%B8%99%E0%B8%B2%E0%B8%87%E0%B8%AA%E0%B8%B8%E0%B8%A7%E0%B8%A3%E0%B8%A3%E0%B8%93%E0%B8%B0%20%E0%B9%80%E0%B8%81%E0%B8%A9%E0%B8%A1%E0%B8%98%E0%B8%B5%E0%B8%A3%E0%B8%B0%E0%B8%AA%E0%B8%A1%E0%B8%9A%E0%B8%B9%E0%B8%A3%E0%B8%93%E0%B9%8C%29%20%E0%B9%80%E0%B8%A5%E0%B8%82%E0%B8%97%E0%B8%B5%E0%B9%8819/1-2%E0%B8%96.%E0%B8%99%E0%B8%B2%E0%B8%A3%E0%B8%B2%E0%B8%A2%E0%B8%93%E0%B9%8C%E0%B8%9B%E0%B8%A3%E0%B8%B2%E0%B8%9A%E0%B8%A8%E0%B8%B6%E0%B8%81
c7409de3-23ce-49cf-a298-384eb5147652,SKN,ร้าน ปลาสวย แอนด์ คอมเพล็กซ์เพ็ทช็อป,,,,https://www.google.com/maps/search/?api=1&query=%E0%B8%A3%E0%B9%89%E0%B8%B2%E0%B8%99%20%E0%B8%9B%E0%B8%A5%E0%B8%B2%E0%B8%AA%E0%B8%A7%E0%B8%A2%20%E0%B9%81%E0%B8%AD%E0%B8%99%E0%B8%94%E0%B9%8C%20%E0%B8%84%E0%B8%AD%E0%B8%A1%E0%B9%80%E0%B8%9E%E0%B8%A5%E0%B9%87%E0%B8%81%E0%B8%8B%E0%B9%8C%E0%B9%80%E0%B8%9E%E0%B9%87%E0%B8%97%E0%B8%8A%E0%B9%87%E0%B8%AD%E0%B8%9B%20%E0%B9%80%E0%B8%A5%E0%B8%82%E0%B8%97%E0%B8%B5%E0%B9%88558/13%2C33%2C35
beb972a6-68f7-44de-b553-66cae89d8b8c,SKN,ร้าน เพ็ท พอว์ พาวล์,,,,https://www.google.com/maps/search/?api=1&query=%E0%B8%A3%E0%B9%89%E0%B8%B2%E0%B8%99%20%E0%B9%80%E0%B8%9E%E0%B9%87%E0%B8%97%20%E0%B8%9E%E0%B8%AD%E0%B8%A7%E0%B9%8C%20%E0%B8%9E%E0%B8%B2%E0%B8%A7%E0%B8%A5%E0%B9%8C%20%E0%B9%80%E0%B8%A5%E0%B8%82%E0%B8%97%E0%B8%B5%E0%B9%8858/88
51b96a63-1a07-44b3-bc27-e0a3cb37a004,SKN,ร้านขันทอง เพ็ทช็อป,,,,https://www.google.com/maps/search/?api=1&query=%E0%B8%A3%E0%B9%89%E0%B8%B2%E0%B8%99%E0%B8%82%E0%B8%B1%E0%B8%99%E0%B8%97%E0%B8%AD%E0%B8%87%20%E0%B9%80%E0%B8%9E%E0%B9%87%E0%B8%97%E0%B8%8A%E0%B9%87%E0%B8%AD%E0%B8%9B%20215/484%E0%B8%A1.5%E0%B8%8B.%E0%B8%A1%E0%B8%B1%E0%B8%87%E0%B8%81%E0%B8%A3-%E0%B8%99%E0%B8%B2%E0%B8%84%E0%B8%94%E0%B8%B5%E0%B8%96.%E0%B9%80%E0%B8%97%E0%B8%9E%E0%B8%B2%E0%B8%A3%E0%B8%B1%E0%B8%81%E0%B8%A9%E0%B9%8C
350f0b46-4216-4d24-98fd-4197100dc8ee,SKN,ร้านข้าวสารหัวเขา,,,,https://www.google.com/maps/search/?api=1&query=%E0%B8%A3%E0%B9%89%E0%B8%B2%E0%B8%99%E0%B8%82%E0%B9%89%E0%B8%B2%E0%B8%A7%E0%B8%AA%E0%B8%B2%E0%B8%A3%E0%B8%AB%E0%B8%B1%E0%B8%A7%E0%B9%80%E0%B8%82%E0%B8%B2%20345%E0%B8%96%E0%B8%99%E0%B8%99%E0%B8%9E%E0%B8%AB%E0%B8%A5%E0%B9%82%E0%B8%A2%E0%B8%98%E0%B8%B4%E0%B8%99
f798fa0a-1487-4861-8159-899b2632a0a7,SKN,ร้านคูเปอร์เพ็ทแคร์,,,,https://www.google.com/maps/search/?api=1&query=%E0%B8%A3%E0%B9%89%E0%B8%B2%E0%B8%99%E0%B8%84%E0%B8%B9%E0%B9%80%E0%B8%9B%E0%B8%AD%E0%B8%A3%E0%B9%8C%E0%B9%80%E0%B8%9E%E0%B9%87%E0%B8%97%E0%B9%81%E0%B8%84%E0%B8%A3%E0%B9%8C%20%E0%B9%80%E0%B8%A5%E0%B8%82%E0%B8%97%E0%B8%B5%E0%B9%8813/22
d6d63339-ff8f-4ec4-b1be-3775550593e5,SKN,ร้านโคอิ เพ็ทช็อป,,,,https://www.google.com/maps/search/?api=1&query=%E0%B8%A3%E0%B9%89%E0%B8%B2%E0%B8%99%E0%B9%82%E0%B8%84%E0%B8%AD%E0%B8%B4%20%E0%B9%80%E0%B8%9E%E0%B9%87%E0%B8%97%E0%B8%8A%E0%B9%87%E0%B8%AD%E0%B8%9B%20%E0%B9%80%E0%B8%A5%E0%B8%82%E0%B8%97%E0%B8%B5%E0%B9%88161/62
b3f13845-b720-4645-9230-e761dce582ca,SKN,ร้านจอมฟิชชิ่ง,,,,https://www.google.com/maps/search/?api=1&query=%E0%B8%A3%E0%B9%89%E0%B8%B2%E0%B8%99%E0%B8%88%E0%B8%AD%E0%B8%A1%E0%B8%9F%E0%B8%B4%E0%B8%8A%E0%B8%8A%E0%B8%B4%E0%B9%88%E0%B8%87%2019/1%E0%B8%A1.4
8e56115c-035d-4aed-8252-9c7998159487,SKN,ร้านณชพลอาหารสัตว์,,,,https://www.google.com/maps/search/?api=1&query=%E0%B8%A3%E0%B9%89%E0%B8%B2%E0%B8%99%E0%B8%93%E0%B8%8A%E0%B8%9E%E0%B8%A5%E0%B8%AD%E0%B8%B2%E0%B8%AB%E0%B8%B2%E0%B8%A3%E0%B8%AA%E0%B8%B1%E0%B8%95%E0%B8%A7%E0%B9%8C%2030/2%E0%B8%A1.3
f77df291-dae1-4aef-807f-85217364d0d1,SKN,ร้านดีเด่น อาหารสัตว์ (สาขา 3),,,,https://www.google.com/maps/search/?api=1&query=%E0%B8%A3%E0%B9%89%E0%B8%B2%E0%B8%99%E0%B8%94%E0%B8%B5%E0%B9%80%E0%B8%94%E0%B9%88%E0%B8%99%20%E0%B8%AD%E0%B8%B2%E0%B8%AB%E0%B8%B2%E0%B8%A3%E0%B8%AA%E0%B8%B1%E0%B8%95%E0%B8%A7%E0%B9%8C%20%28%E0%B8%AA%E0%B8%B2%E0%B8%82%E0%B8%B2%203%29%20%E0%B8%A3%E0%B8%B1%E0%B8%87%E0%B8%AA%E0%B8%B4%E0%B8%95-%E0%B8%84%E0%B8%A5%E0%B8%AD%E0%B8%87%E0%B8%AA%E0%B8%B5%E0%B9%88%E0%B8%A5%E0%B8%B3%E0%B8%A5%E0%B8%B9%E0%B8%81%E0%B8%81%E0%B8%B2134/9%E0%B8%A1.1
bea6541c-6e19-4552-8caf-fb396d751b90,SKN,ร้านดีเด่นเพ็ทมาร์ท สาขารังสิต-คลองสี่ลำลูกกา,,,,https://www.google.com/maps/search/?api=1&query=%E0%B8%A3%E0%B9%89%E0%B8%B2%E0%B8%99%E0%B8%94%E0%B8%B5%E0%B9%80%E0%B8%94%E0%B9%88%E0%B8%99%E0%B9%80%E0%B8%9E%E0%B9%87%E0%B8%97%E0%B8%A1%E0%B8%B2%E0%B8%A3%E0%B9%8C%E0%B8%97%20%E0%B8%AA%E0%B8%B2%E0%B8%82%E0%B8%B2%E0%B8%A3%E0%B8%B1%E0%B8%87%E0%B8%AA%E0%B8%B4%E0%B8%95-%E0%B8%84%E0%B8%A5%E0%B8%AD%E0%B8%87%E0%B8%AA%E0%B8%B5%E0%B9%88%E0%B8%A5%E0%B8%B3%E0%B8%A5%E0%B8%B9%E0%B8%81%E0%B8%81%E0%B8%B2%20134/7-134/9%E0%B8%A1.1
b528bc82-b82b-439c-9547-95d4357057fc,SKN,ร้านเดอะแมสเพ็ทช็อป,,,,https://www.google.com/maps/search/?api=1&query=%E0%B8%A3%E0%B9%89%E0%B8%B2%E0%B8%99%E0%B9%80%E0%B8%94%E0%B8%AD%E0%B8%B0%E0%B9%81%E0%B8%A1%E0%B8%AA%E0%B9%80%E0%B8%9E%E0%B9%87%E0%B8%97%E0%B8%8A%E0%B9%87%E0%B8%AD%E0%B8%9B%20%E0%B9%80%E0%B8%A5%E0%B8%82%E0%B8%97%E0%B8%B5%E0%B9%8826/14%E0%B8%AB%E0%B8%A1%E0%B8%B9%E0%B9%8810
8797fd19-5868-4534-87a9-b0846d34c240,SKN,ร้านนคราเพ็ทช็อป,,,,https://www.google.com/maps/search/?api=1&query=%E0%B8%A3%E0%B9%89%E0%B8%B2%E0%B8%99%E0%B8%99%E0%B8%84%E0%B8%A3%E0%B8%B2%E0%B9%80%E0%B8%9E%E0%B9%87%E0%B8%97%E0%B8%8A%E0%B9%87%E0%B8%AD%E0%B8%9B%20%E0%B9%80%E0%B8%A5%E0%B8%82%E0%B8%97%E0%B8%B5%E0%B9%88184/58%E0%B8%A1.10
f5a8f35d-a1c9-4635-a538-2133addc990e,SKN,ร้านน้องเพ็ทช็อป สาขาเดอะไนน์ ติวานนท์,,,,https://www.google.com/maps/search/?api=1&query=%E0%B8%A3%E0%B9%89%E0%B8%B2%E0%B8%99%E0%B8%99%E0%B9%89%E0%B8%AD%E0%B8%87%E0%B9%80%E0%B8%9E%E0%B9%87%E0%B8%97%E0%B8%8A%E0%B9%87%E0%B8%AD%E0%B8%9B%20%E0%B8%AA%E0%B8%B2%E0%B8%82%E0%B8%B2%E0%B9%80%E0%B8%94%E0%B8%AD%E0%B8%B0%E0%B9%84%E0%B8%99%E0%B8%99%E0%B9%8C%20%E0%B8%95%E0%B8%B4%E0%B8%A7%E0%B8%B2%E0%B8%99%E0%B8%99%E0%B8%97%E0%B9%8C%20%E0%B9%80%E0%B8%A5%E0%B8%82%E0%B8%97%E0%B8%B5%E0%B9%8884%2C21%E0%B8%96%E0%B8%99%E0%B8%99%E0%B8%9A%E0%B8%B2%E0%B8%87%E0%B8%81%E0%B8%B8%E0%B8%8E%E0%B8%B5%E0%B8%97%E0%B8%AD%E0%B8%87
ae8bb1c2-349a-4c83-8b78-b88e1afbed8e,SKN,ร้านปอมปอมเพ็ทช็อป,,,,https://www.google.com/maps/search/?api=1&query=%E0%B8%A3%E0%B9%89%E0%B8%B2%E0%B8%99%E0%B8%9B%E0%B8%AD%E0%B8%A1%E0%B8%9B%E0%B8%AD%E0%B8%A1%E0%B9%80%E0%B8%9E%E0%B9%87%E0%B8%97%E0%B8%8A%E0%B9%87%E0%B8%AD%E0%B8%9B%20%E0%B9%80%E0%B8%A5%E0%B8%82%E0%B8%97%E0%B8%B5%E0%B9%8835/4%E0%B8%AB%E0%B8%A1%E0%B8%B9%E0%B9%889
c342aaae-aac8-486c-94ce-1c224bec5009,SKN,ร้านเป๋าตุงเพ็ทช็อป,,,,https://www.google.com/maps/search/?api=1&query=%E0%B8%A3%E0%B9%89%E0%B8%B2%E0%B8%99%E0%B9%80%E0%B8%9B%E0%B9%8B%E0%B8%B2%E0%B8%95%E0%B8%B8%E0%B8%87%E0%B9%80%E0%B8%9E%E0%B9%87%E0%B8%97%E0%B8%8A%E0%B9%87%E0%B8%AD%E0%B8%9B%20%E0%B9%80%E0%B8%A5%E0%B8%82%E0%B8%97%E0%B8%B5%E0%B9%88189/108%E0%B8%A1.5
6101e9a1-bd16-4c1b-8017-a501dbe07a8e,SKN,ร้านพระคุณเพ็ทช็อป,,,,https://www.google.com/maps/search/?api=1&query=%E0%B8%A3%E0%B9%89%E0%B8%B2%E0%B8%99%E0%B8%9E%E0%B8%A3%E0%B8%B0%E0%B8%84%E0%B8%B8%E0%B8%93%E0%B9%80%E0%B8%9E%E0%B9%87%E0%B8%97%E0%B8%8A%E0%B9%87%E0%B8%AD%E0%B8%9B%20%E0%B9%80%E0%B8%A5%E0%B8%82%E0%B8%97%E0%B8%B5%E0%B9%8845/25%E0%B8%A1.8
dacc1aff-49ad-4b14-8a9c-ef4eea0c2d28,SKN,ร้านเพทชงเพทชอป,,,,https://www.google.com/maps/search/?api=1&query=%E0%B8%A3%E0%B9%89%E0%B8%B2%E0%B8%99%E0%B9%80%E0%B8%9E%E0%B8%97%E0%B8%8A%E0%B8%87%E0%B9%80%E0%B8%9E%E0%B8%97%E0%B8%8A%E0%B8%AD%E0%B8%9B%2076%E0%B8%AB%E0%B8%A1%E0%B8%B9%E0%B9%88%E0%B8%97%E0%B8%B5%E0%B9%883
33d11082-a01d-47b4-84b8-a8738bc61ab3,SKN,ร้านเพ็ทรูม สาขาโรจนะ,,,,https://www.google.com/maps/search/?api=1&query=%E0%B8%A3%E0%B9%89%E0%B8%B2%E0%B8%99%E0%B9%80%E0%B8%9E%E0%B9%87%E0%B8%97%E0%B8%A3%E0%B8%B9%E0%B8%A1%20%E0%B8%AA%E0%B8%B2%E0%B8%82%E0%B8%B2%E0%B9%82%E0%B8%A3%E0%B8%88%E0%B8%99%E0%B8%B0%20358/5%E0%B8%A1.2
a7f61e63-272b-491b-a4ab-19f7f8df1631,SKN,ร้านเพ็ทฮับสเปช,,,,https://www.google.com/maps/search/?api=1&query=%E0%B8%A3%E0%B9%89%E0%B8%B2%E0%B8%99%E0%B9%80%E0%B8%9E%E0%B9%87%E0%B8%97%E0%B8%AE%E0%B8%B1%E0%B8%9A%E0%B8%AA%E0%B9%80%E0%B8%9B%E0%B8%8A%2082%E0%B8%AB%E0%B8%A1%E0%B8%B9%E0%B9%885
3dd0940f-18e6-41af-a77f-b921b874ba00,SKN,ร้านมิสเตอร์ไวท์เพ็ทช็อป,,,,https://www.google.com/maps/search/?api=1&query=%E0%B8%A3%E0%B9%89%E0%B8%B2%E0%B8%99%E0%B8%A1%E0%B8%B4%E0%B8%AA%E0%B9%80%E0%B8%95%E0%B8%AD%E0%B8%A3%E0%B9%8C%E0%B9%84%E0%B8%A7%E0%B8%97%E0%B9%8C%E0%B9%80%E0%B8%9E%E0%B9%87%E0%B8%97%E0%B8%8A%E0%B9%87%E0%B8%AD%E0%B8%9B%20170/15%E0%B8%AB%E0%B8%A1%E0%B8%B9%E0%B9%882%E0%B8%96.%E0%B8%9E%E0%B8%B8%E0%B8%97%E0%B8%98%E0%B8%A1%E0%B8%93%E0%B8%91%E0%B8%A5%E0%B8%AA%E0%B8%B2%E0%B8%A25
6264caa3-198f-4ebe-a0c4-5f386a1fc0e0,SKN,ร้านรวยกะตังค์เพ็ทช็อป,,,,https://www.google.com/maps/search/?api=1&query=%E0%B8%A3%E0%B9%89%E0%B8%B2%E0%B8%99%E0%B8%A3%E0%B8%A7%E0%B8%A2%E0%B8%81%E0%B8%B0%E0%B8%95%E0%B8%B1%E0%B8%87%E0%B8%84%E0%B9%8C%E0%B9%80%E0%B8%9E%E0%B9%87%E0%B8%97%E0%B8%8A%E0%B9%87%E0%B8%AD%E0%B8%9B%2072/206%E0%B8%96.%E0%B8%9E%E0%B8%B8%E0%B8%97%E0%B8%98%E0%B8%A1%E0%B8%93%E0%B8%91%E0%B8%A5%E0%B8%AA%E0%B8%B2%E0%B8%A25
1e13422f-78b3-4694-b47a-3190d09cf6de,SKN,ร้านสัญญาการค้า,,,,https://www.google.com/maps/search/?api=1&query=%E0%B8%A3%E0%B9%89%E0%B8%B2%E0%B8%99%E0%B8%AA%E0%B8%B1%E0%B8%8D%E0%B8%8D%E0%B8%B2%E0%B8%81%E0%B8%B2%E0%B8%A3%E0%B8%84%E0%B9%89%E0%B8%B2%20%E0%B9%80%E0%B8%A5%E0%B8%82%E0%B8%97%E0%B8%B5%E0%B9%8836/8%E0%B8%AB%E0%B8%A1%E0%B8%B9%E0%B9%889
de40664f-d137-48df-a744-0a08ea95d669,SKN,ร้านหนองปลิงอุปกรณ์ไก่,,,,https://www.google.com/maps/search/?api=1&query=%E0%B8%A3%E0%B9%89%E0%B8%B2%E0%B8%99%E0%B8%AB%E0%B8%99%E0%B8%AD%E0%B8%87%E0%B8%9B%E0%B8%A5%E0%B8%B4%E0%B8%87%E0%B8%AD%E0%B8%B8%E0%B8%9B%E0%B8%81%E0%B8%A3%E0%B8%93%E0%B9%8C%E0%B9%84%E0%B8%81%E0%B9%88%20%E0%B9%80%E0%B8%A5%E0%B8%82%E0%B8%97%E0%B8%B5%E0%B9%88329/7%E0%B8%AB%E0%B8%A1%E0%B8%B9%E0%B9%887
0dea4294-101e-4030-abba-c3e0f0bcd319,SKN,ร้านอาหารสัตว์ Mee-D Pet Shop,,,,https://www.google.com/maps/search/?api=1&query=%E0%B8%A3%E0%B9%89%E0%B8%B2%E0%B8%99%E0%B8%AD%E0%B8%B2%E0%B8%AB%E0%B8%B2%E0%B8%A3%E0%B8%AA%E0%B8%B1%E0%B8%95%E0%B8%A7%E0%B9%8C%20Mee-D%20Pet%20Shop%20134/13%E0%B8%8B.%E0%B8%A1%E0%B8%B1%E0%B8%87%E0%B8%81%E0%B8%A3-%E0%B8%99%E0%B8%B2%E0%B8%84%E0%B8%94%E0%B8%B5%E0%B8%A1.5
8e55a3a6-98d0-4c18-b998-573be147df5a,SKN,ร้านอาหารสัตว์ ช็อคกาดูฟ เพ็ทช็อป บางพลี สาขาบางพลี,,,,https://www.google.com/maps/search/?api=1&query=%E0%B8%A3%E0%B9%89%E0%B8%B2%E0%B8%99%E0%B8%AD%E0%B8%B2%E0%B8%AB%E0%B8%B2%E0%B8%A3%E0%B8%AA%E0%B8%B1%E0%B8%95%E0%B8%A7%E0%B9%8C%20%E0%B8%8A%E0%B9%87%E0%B8%AD%E0%B8%84%E0%B8%81%E0%B8%B2%E0%B8%94%E0%B8%B9%E0%B8%9F%20%E0%B9%80%E0%B8%9E%E0%B9%87%E0%B8%97%E0%B8%8A%E0%B9%87%E0%B8%AD%E0%B8%9B%20%E0%B8%9A%E0%B8%B2%E0%B8%87%E0%B8%9E%E0%B8%A5%E0%B8%B5%20%E0%B8%AA%E0%B8%B2%E0%B8%82%E0%B8%B2%E0%B8%9A%E0%B8%B2%E0%B8%87%E0%B8%9E%E0%B8%A5%E0%B8%B5%20%E0%B9%80%E0%B8%A5%E0%B8%82%E0%B8%97%E0%B8%B5%E0%B9%8898/3-4%E0%B8%AB%E0%B8%A1%E0%B8%B9%E0%B9%88%E0%B8%97%E0%B8%B5%E0%B9%881
14ac384e-31d7-43d0-a1b1-49a54c16efed,SKN,ร้านอาหารสัตว์ ช็อคกาดูฟ เพ็ทช็อป บางพลี สาขาปากน้ำ,,,,https://www.google.com/maps/search/?api=1&query=%E0%B8%A3%E0%B9%89%E0%B8%B2%E0%B8%99%E0%B8%AD%E0%B8%B2%E0%B8%AB%E0%B8%B2%E0%B8%A3%E0%B8%AA%E0%B8%B1%E0%B8%95%E0%B8%A7%E0%B9%8C%20%E0%B8%8A%E0%B9%87%E0%B8%AD%E0%B8%84%E0%B8%81%E0%B8%B2%E0%B8%94%E0%B8%B9%E0%B8%9F%20%E0%B9%80%E0%B8%9E%E0%B9%87%E0%B8%97%E0%B8%8A%E0%B9%87%E0%B8%AD%E0%B8%9B%20%E0%B8%9A%E0%B8%B2%E0%B8%87%E0%B8%9E%E0%B8%A5%E0%B8%B5%20%E0%B8%AA%E0%B8%B2%E0%B8%82%E0%B8%B2%E0%B8%9B%E0%B8%B2%E0%B8%81%E0%B8%99%E0%B9%89%E0%B8%B3%20%E0%B9%80%E0%B8%A5%E0%B8%82%E0%B8%97%E0%B8%B5%E0%B9%88125%E0%B8%96.%E0%B8%AA%E0%B8%B8%E0%B8%82%E0%B8%B8%E0%B8%A1%E0%B8%A7%E0%B8%B4%E0%B8%97
38519bd8-7049-4cb8-a301-79cd487849e6,SKN,ร้านอิ่มอุ่นสัตว์น้ำ,,,,https://www.google.com/maps/search/?api=1&query=%E0%B8%A3%E0%B9%89%E0%B8%B2%E0%B8%99%E0%B8%AD%E0%B8%B4%E0%B9%88%E0%B8%A1%E0%B8%AD%E0%B8%B8%E0%B9%88%E0%B8%99%E0%B8%AA%E0%B8%B1%E0%B8%95%E0%B8%A7%E0%B9%8C%E0%B8%99%E0%B9%89%E0%B8%B3%20999/589%E0%B8%AB%E0%B8%A1%E0%B8%B9%E0%B9%885
7988b8f9-fa00-470e-862f-dbfc27e94b0a,SKN,รุ่งเรืองพาณิชย์,,,,https://www.google.com/maps/search/?api=1&query=%E0%B8%A3%E0%B8%B8%E0%B9%88%E0%B8%87%E0%B9%80%E0%B8%A3%E0%B8%B7%E0%B8%AD%E0%B8%87%E0%B8%9E%E0%B8%B2%E0%B8%93%E0%B8%B4%E0%B8%8A%E0%B8%A2%E0%B9%8C%20%E0%B9%80%E0%B8%A5%E0%B8%82%E0%B8%97%E0%B8%B5%E0%B9%88576%E0%B8%AB%E0%B8%A1%E0%B8%B9%E0%B9%88%E0%B8%97%E0%B8%B5%E0%B9%881
cda02e4a-c396-4ab4-855f-10f71dba40c9,SKN,รุ่งเรืองเพ็ทเลิฟ,,,,https://www.google.com/maps/search/?api=1&query=%E0%B8%A3%E0%B8%B8%E0%B9%88%E0%B8%87%E0%B9%80%E0%B8%A3%E0%B8%B7%E0%B8%AD%E0%B8%87%E0%B9%80%E0%B8%9E%E0%B9%87%E0%B8%97%E0%B9%80%E0%B8%A5%E0%B8%B4%E0%B8%9F%20%E0%B9%80%E0%B8%A5%E0%B8%82%E0%B8%97%E0%B8%B5%E0%B9%889/108%E0%B8%AB%E0%B8%A1%E0%B8%B9%E0%B9%889%E0%B8%96.%E0%B9%80%E0%B8%88%E0%B9%89%E0%B8%B2%E0%B8%9F%E0%B9%89%E0%B8%B2%E0%B8%95%E0%B8%B0%E0%B8%A7%E0%B8%B1%E0%B8%99%E0%B8%AD%E0%B8%AD%E0%B8%81
91f84127-ddb7-4022-b450-d2d3c86a06ea,SKN,โรงพยาบาลสัตว์รังสิต-ปทุม,,,,https://www.google.com/maps/search/?api=1&query=%E0%B9%82%E0%B8%A3%E0%B8%87%E0%B8%9E%E0%B8%A2%E0%B8%B2%E0%B8%9A%E0%B8%B2%E0%B8%A5%E0%B8%AA%E0%B8%B1%E0%B8%95%E0%B8%A7%E0%B9%8C%E0%B8%A3%E0%B8%B1%E0%B8%87%E0%B8%AA%E0%B8%B4%E0%B8%95-%E0%B8%9B%E0%B8%97%E0%B8%B8%E0%B8%A1%2040/3-9
dbf31672-a826-4010-8bfb-18f3634caab3,SKN,เลขที่ 2 โครงการ Midway Point@ หมายเลข BAC-PT 10-03 ปั๊มบางจาก,,,,https://www.google.com/maps/search/?api=1&query=%E0%B9%80%E0%B8%A5%E0%B8%82%E0%B8%97%E0%B8%B5%E0%B9%88%202%20%E0%B9%82%E0%B8%84%E0%B8%A3%E0%B8%87%E0%B8%81%E0%B8%B2%E0%B8%A3%20Midway%20Point%40%20%E0%B8%AB%E0%B8%A1%E0%B8%B2%E0%B8%A2%E0%B9%80%E0%B8%A5%E0%B8%82%20BAC-PT%2010-03%20%E0%B8%9B%E0%B8%B1%E0%B9%8A%E0%B8%A1%E0%B8%9A%E0%B8%B2%E0%B8%87%E0%B8%88%E0%B8%B2%E0%B8%81%20%E0%B9%80%E0%B8%A5%E0%B8%82%E0%B8%97%E0%B8%B5%E0%B9%88%202%20%E0%B9%82%E0%B8%84%E0%B8%A3%E0%B8%87%E0%B8%81%E0%B8%B2%E0%B8%A3%20Midway%20Point%40%20%E0%B8%AB%E0%B8%A1%E0%B8%B2%E0%B8%A2%E0%B9%80%E0%B8%A5%E0%B8%82%20BAC-PT%2010-03%20%E0%B8%9B%E0%B8%B1%E0%B9%8A%E0%B8%A1%E0%B8%9A%E0%B8%B2%E0%B8%87%E0%B8%88%E0%B8%B2%E0%B8%81
2758b7cc-b8c5-4e26-ae97-b49e02c13315,SKN,เลขที่ 22/7,,,,https://www.google.com/maps/search/?api=1&query=%E0%B9%80%E0%B8%A5%E0%B8%82%E0%B8%97%E0%B8%B5%E0%B9%88%2022/7%20%E0%B9%80%E0%B8%A5%E0%B8%82%E0%B8%97%E0%B8%B5%E0%B9%88%2022/7
1f6f35b4-36d2-4141-8ef0-3dfe835001e0,SKN,เลขที่ 428/10 หมู่บ้าน เดอะ รีเจ้นท์ สตรีท,,,,https://www.google.com/maps/search/?api=1&query=%E0%B9%80%E0%B8%A5%E0%B8%82%E0%B8%97%E0%B8%B5%E0%B9%88%20428/10%20%E0%B8%AB%E0%B8%A1%E0%B8%B9%E0%B9%88%E0%B8%9A%E0%B9%89%E0%B8%B2%E0%B8%99%20%E0%B9%80%E0%B8%94%E0%B8%AD%E0%B8%B0%20%E0%B8%A3%E0%B8%B5%E0%B9%80%E0%B8%88%E0%B9%89%E0%B8%99%E0%B8%97%E0%B9%8C%20%E0%B8%AA%E0%B8%95%E0%B8%A3%E0%B8%B5%E0%B8%97%20%E0%B9%80%E0%B8%A5%E0%B8%82%E0%B8%97%E0%B8%B5%E0%B9%88%20428/10%20%E0%B8%AB%E0%B8%A1%E0%B8%B9%E0%B9%88%E0%B8%9A%E0%B9%89%E0%B8%B2%E0%B8%99%20%E0%B9%80%E0%B8%94%E0%B8%AD%E0%B8%B0%20%E0%B8%A3%E0%B8%B5%E0%B9%80%E0%B8%88%E0%B9%89%E0%B8%99%E0%B8%97%E0%B9%8C%20%E0%B8%AA%E0%B8%95%E0%B8%A3%E0%B8%B5%E0%B8%97
46999730-6419-45ec-9305-8b200fd214d4,SKN,เลขที่ 456/65,,,,https://www.google.com/maps/search/?api=1&query=%E0%B9%80%E0%B8%A5%E0%B8%82%E0%B8%97%E0%B8%B5%E0%B9%88%20456/65%20%E0%B9%80%E0%B8%A5%E0%B8%82%E0%B8%97%E0%B8%B5%E0%B9%88%20456/65
55296b92-4395-44c1-a5f9-dab3495d1f45,SKN,วีว่า สาขา ปตท.ติวานนท์,,,,https://www.google.com/maps/search/?api=1&query=%E0%B8%A7%E0%B8%B5%E0%B8%A7%E0%B9%88%E0%B8%B2%20%E0%B8%AA%E0%B8%B2%E0%B8%82%E0%B8%B2%20%E0%B8%9B%E0%B8%95%E0%B8%97.%E0%B8%95%E0%B8%B4%E0%B8%A7%E0%B8%B2%E0%B8%99%E0%B8%99%E0%B8%97%E0%B9%8C%20%E0%B9%80%E0%B8%A5%E0%B8%82%E0%B8%97%E0%B8%B5%E0%B9%8883/3%E0%B8%AB%E0%B9%89%E0%B8%AD%E0%B8%87%E0%B9%80%E0%B8%A5%E0%B8%82%E0%B8%97%E0%B8%B5%E0%B9%88B3-B4%E0%B8%AB%E0%B8%A1%E0%B8%B9%E0%B9%88%E0%B8%97%E0%B8%B5%E0%B9%882
26330f33-16c7-4cbe-beac-be2f3d2761c8,SKN,วีว่า อีสวิลล์,,,,https://www.google.com/maps/search/?api=1&query=%E0%B8%A7%E0%B8%B5%E0%B8%A7%E0%B9%88%E0%B8%B2%20%E0%B8%AD%E0%B8%B5%E0%B8%AA%E0%B8%A7%E0%B8%B4%E0%B8%A5%E0%B8%A5%E0%B9%8C%20107%2C%20PP-101%2C%2069-69/2%20102%2C%20CentralFestival%20EastVille%2C
506d412b-8414-4443-b40a-dbab55a0f5a5,SKN,วีว่าสาขาแจ้งวัฒนะส่งที่เมืองทอง,,,,https://www.google.com/maps/search/?api=1&query=%E0%B8%A7%E0%B8%B5%E0%B8%A7%E0%B9%88%E0%B8%B2%E0%B8%AA%E0%B8%B2%E0%B8%82%E0%B8%B2%E0%B9%81%E0%B8%88%E0%B9%89%E0%B8%87%E0%B8%A7%E0%B8%B1%E0%B8%92%E0%B8%99%E0%B8%B0%E0%B8%AA%E0%B9%88%E0%B8%87%E0%B8%97%E0%B8%B5%E0%B9%88%E0%B9%80%E0%B8%A1%E0%B8%B7%E0%B8%AD%E0%B8%87%E0%B8%97%E0%B8%AD%E0%B8%87%2058/93%E0%B8%A1.3
ed1e6f5e-e0b5-442f-9984-5fd3ff9401ed,SKN,วีว่าสาขาเซ็นทรัลมหาชัย,,,,https://www.google.com/maps/search/?api=1&query=%E0%B8%A7%E0%B8%B5%E0%B8%A7%E0%B9%88%E0%B8%B2%E0%B8%AA%E0%B8%B2%E0%B8%82%E0%B8%B2%E0%B9%80%E0%B8%8B%E0%B9%87%E0%B8%99%E0%B8%97%E0%B8%A3%E0%B8%B1%E0%B8%A5%E0%B8%A1%E0%B8%AB%E0%B8%B2%E0%B8%8A%E0%B8%B1%E0%B8%A2%2098%E0%B8%8A%E0%B8%B1%E0%B9%89%E0%B8%99G%E0%B8%AB%E0%B9%89%E0%B8%AD%E0%B8%87G02%E0%B8%AB%E0%B8%A1%E0%B8%B9%E0%B9%884
17ea003d-ec7a-473a-b29f-0d27af4e6209,SKN,วีว่าสาขาออฟฟิตสำนักงานใหญ่,,,,https://www.google.com/maps/search/?api=1&query=%E0%B8%A7%E0%B8%B5%E0%B8%A7%E0%B9%88%E0%B8%B2%E0%B8%AA%E0%B8%B2%E0%B8%82%E0%B8%B2%E0%B8%AD%E0%B8%AD%E0%B8%9F%E0%B8%9F%E0%B8%B4%E0%B8%95%E0%B8%AA%E0%B8%B3%E0%B8%99%E0%B8%B1%E0%B8%81%E0%B8%87%E0%B8%B2%E0%B8%99%E0%B9%83%E0%B8%AB%E0%B8%8D%E0%B9%88%2099/88%E0%B8%AB%E0%B8%A1%E0%B8%B9%E0%B9%8816
af3f7fab-e0cf-4c46-8044-f19912f63d23,SKN,ศูนย์กระจายสินค้า  ปิโตรเลียม,,,,https://www.google.com/maps/search/?api=1&query=%E0%B8%A8%E0%B8%B9%E0%B8%99%E0%B8%A2%E0%B9%8C%E0%B8%81%E0%B8%A3%E0%B8%B0%E0%B8%88%E0%B8%B2%E0%B8%A2%E0%B8%AA%E0%B8%B4%E0%B8%99%E0%B8%84%E0%B9%89%E0%B8%B2%20%E0%B8%9B%E0%B8%B4%E0%B9%82%E0%B8%95%E0%B8%A3%E0%B9%80%E0%B8%A5%E0%B8%B5%E0%B8%A2%E0%B8%A1%20141%204
0cd84cb5-4ae2-4f8d-93c5-10cca86acb5d,SKN,สเตชั่น เพ็ทช็อป,,,,https://www.google.com/maps/search/?api=1&query=%E0%B8%AA%E0%B9%80%E0%B8%95%E0%B8%8A%E0%B8%B1%E0%B9%88%E0%B8%99%20%E0%B9%80%E0%B8%9E%E0%B9%87%E0%B8%97%E0%B8%8A%E0%B9%87%E0%B8%AD%E0%B8%9B%20%E0%B9%80%E0%B8%A5%E0%B8%82%E0%B8%97%E0%B8%B5%E0%B9%888/22
752b51f6-da0c-43dc-86e6-6cbf4292f2ac,SKN,สถานีรถไฟฟ้าอ่อนนุช,,,,https://www.google.com/maps/search/?api=1&query=%E0%B8%AA%E0%B8%96%E0%B8%B2%E0%B8%99%E0%B8%B5%E0%B8%A3%E0%B8%96%E0%B9%84%E0%B8%9F%E0%B8%9F%E0%B9%89%E0%B8%B2%E0%B8%AD%E0%B9%88%E0%B8%AD%E0%B8%99%E0%B8%99%E0%B8%B8%E0%B8%8A%20%E0%B8%AA%E0%B8%96%E0%B8%B2%E0%B8%99%E0%B8%B5%E0%B8%A3%E0%B8%96%E0%B9%84%E0%B8%9F%E0%B8%9F%E0%B9%89%E0%B8%B2%E0%B8%AD%E0%B9%88%E0%B8%AD%E0%B8%99%E0%B8%99%E0%B8%B8%E0%B8%8A
3a15e7cb-42fc-402f-9217-d6a7e52e0859,SKN,สมายเพ็ทส์,,,,https://www.google.com/maps/search/?api=1&query=%E0%B8%AA%E0%B8%A1%E0%B8%B2%E0%B8%A2%E0%B9%80%E0%B8%9E%E0%B9%87%E0%B8%97%E0%B8%AA%E0%B9%8C%20193/3%E0%B8%AB%E0%B8%A1%E0%B8%B9%E0%B9%887
ff0d384c-1975-4beb-b981-a353112c0820,SKN,สยามโคลทติ้ง,,,,https://www.google.com/maps/search/?api=1&query=%E0%B8%AA%E0%B8%A2%E0%B8%B2%E0%B8%A1%E0%B9%82%E0%B8%84%E0%B8%A5%E0%B8%97%E0%B8%95%E0%B8%B4%E0%B9%89%E0%B8%87%2039/100-101%20%E0%B8%A1.2%20%E0%B8%99%E0%B8%B4%E0%B8%84%E0%B8%A1%E0%B8%AD%E0%B8%B8%E0%B8%95%E0%B8%AA%E0%B8%B2%E0%B8%AB%E0%B8%81%E0%B8%A3%E0%B8%A3%E0%B8%A1%E0%B8%AA%E0%B8%A1%E0%B8%B8%E0%B8%97%E0%B8%A3%E0%B8%AA%E0%B8%B2%E0%B8%84%E0%B8%A3
1d2a2da7-29c1-44b6-9388-5a3a2059608e,SKN,สหภีม เพ็ทช็อป,,,,https://www.google.com/maps/search/?api=1&query=%E0%B8%AA%E0%B8%AB%E0%B8%A0%E0%B8%B5%E0%B8%A1%20%E0%B9%80%E0%B8%9E%E0%B9%87%E0%B8%97%E0%B8%8A%E0%B9%87%E0%B8%AD%E0%B8%9B%20%E0%B9%80%E0%B8%A5%E0%B8%82%E0%B8%97%E0%B8%B5%E0%B9%8884/42%E0%B8%AB%E0%B8%A1%E0%B8%B9%E0%B9%882
871e8134-486e-4525-9c5d-7e761ca7ed48,SKN,สะตังค์ เพ็ทช็อป,,,,https://www.google.com/maps/search/?api=1&query=%E0%B8%AA%E0%B8%B0%E0%B8%95%E0%B8%B1%E0%B8%87%E0%B8%84%E0%B9%8C%20%E0%B9%80%E0%B8%9E%E0%B9%87%E0%B8%97%E0%B8%8A%E0%B9%87%E0%B8%AD%E0%B8%9B%20159%E0%B8%AB%E0%B8%A1%E0%B8%B9%E0%B9%882
57a4cf9c-8071-4586-9610-22aca3e19f2a,SKN,สัตวแพทย์คลองหก,,,,https://www.google.com/maps/search/?api=1&query=%E0%B8%AA%E0%B8%B1%E0%B8%95%E0%B8%A7%E0%B9%81%E0%B8%9E%E0%B8%97%E0%B8%A2%E0%B9%8C%E0%B8%84%E0%B8%A5%E0%B8%AD%E0%B8%87%E0%B8%AB%E0%B8%81%2029/7%E0%B8%AB%E0%B8%A1%E0%B8%B9%E0%B9%885
190213ac-b1ab-4f84-b430-2e680637f929,SKN,สาขา ฟาร์ม Going Merry นายนิติพงศ์ พิริยฉัตรสิริ,,,,https://www.google.com/maps/search/?api=1&query=%E0%B8%AA%E0%B8%B2%E0%B8%82%E0%B8%B2%20%E0%B8%9F%E0%B8%B2%E0%B8%A3%E0%B9%8C%E0%B8%A1%20Going%20Merry%20%E0%B8%99%E0%B8%B2%E0%B8%A2%E0%B8%99%E0%B8%B4%E0%B8%95%E0%B8%B4%E0%B8%9E%E0%B8%87%E0%B8%A8%E0%B9%8C%20%E0%B8%9E%E0%B8%B4%E0%B8%A3%E0%B8%B4%E0%B8%A2%E0%B8%89%E0%B8%B1%E0%B8%95%E0%B8%A3%E0%B8%AA%E0%B8%B4%E0%B8%A3%E0%B8%B4%2025/517%E0%B8%8B.26%E0%B8%96.%E0%B9%81%E0%B8%88%E0%B9%89%E0%B8%87%E0%B8%A7%E0%B8%B1%E0%B8%92%E0%B8%99%E0%B8%B0
bd3d5215-5f44-449e-a17f-0174149d860b,SKN,สีทอง เซ็นเตอร์,,,,https://www.google.com/maps/search/?api=1&query=%E0%B8%AA%E0%B8%B5%E0%B8%97%E0%B8%AD%E0%B8%87%20%E0%B9%80%E0%B8%8B%E0%B9%87%E0%B8%99%E0%B9%80%E0%B8%95%E0%B8%AD%E0%B8%A3%E0%B9%8C%20%E0%B9%80%E0%B8%A5%E0%B8%82%E0%B8%97%E0%B8%B5%E0%B9%8873%E0%B8%AB%E0%B8%A1%E0%B8%B9%E0%B9%883
ad9da8bd-4bd6-4a35-a5c1-79237c735a45,SKN,สุพันธุ์ญาพาณิช,,,,https://www.google.com/maps/search/?api=1&query=%E0%B8%AA%E0%B8%B8%E0%B8%9E%E0%B8%B1%E0%B8%99%E0%B8%98%E0%B8%B8%E0%B9%8C%E0%B8%8D%E0%B8%B2%E0%B8%9E%E0%B8%B2%E0%B8%93%E0%B8%B4%E0%B8%8A%2069/42%E0%B8%A1.8
fa207d86-802c-41a1-bf9d-a09d2354c7de,SKN,แสตมป์ เพ็ทช็อป,,,,https://www.google.com/maps/search/?api=1&query=%E0%B9%81%E0%B8%AA%E0%B8%95%E0%B8%A1%E0%B8%9B%E0%B9%8C%20%E0%B9%80%E0%B8%9E%E0%B9%87%E0%B8%97%E0%B8%8A%E0%B9%87%E0%B8%AD%E0%B8%9B%20%E0%B9%80%E0%B8%A5%E0%B8%82%E0%B8%97%E0%B8%B5%E0%B9%88155/8%E0%B8%AB%E0%B8%A1%E0%B8%B9%E0%B9%884
77ffa98d-bef5-493b-b5f3-4fb6b6423e9c,SKN,หจก.โกรว์ เพ็ทช็อป สาขาราชพฤกษ์,,,,https://www.google.com/maps/search/?api=1&query=%E0%B8%AB%E0%B8%88%E0%B8%81.%E0%B9%82%E0%B8%81%E0%B8%A3%E0%B8%A7%E0%B9%8C%20%E0%B9%80%E0%B8%9E%E0%B9%87%E0%B8%97%E0%B8%8A%E0%B9%87%E0%B8%AD%E0%B8%9B%20%E0%B8%AA%E0%B8%B2%E0%B8%82%E0%B8%B2%E0%B8%A3%E0%B8%B2%E0%B8%8A%E0%B8%9E%E0%B8%A4%E0%B8%81%E0%B8%A9%E0%B9%8C%205411%E0%B8%AB%E0%B8%A1%E0%B8%B9%E0%B9%882%E0%B8%96%E0%B8%99%E0%B8%99%E0%B8%A3%E0%B8%B2%E0%B8%8A%E0%B8%9E%E0%B8%A4%E0%B8%81%E0%B8%A9%E0%B9%8C
a1299197-fa9a-4571-8d01-db553d80bfeb,SKN,หจก.พีแอล อินเตอร์เนชั่นแนล เทรดดิ้ง,,,,https://www.google.com/maps/search/?api=1&query=%E0%B8%AB%E0%B8%88%E0%B8%81.%E0%B8%9E%E0%B8%B5%E0%B9%81%E0%B8%AD%E0%B8%A5%20%E0%B8%AD%E0%B8%B4%E0%B8%99%E0%B9%80%E0%B8%95%E0%B8%AD%E0%B8%A3%E0%B9%8C%E0%B9%80%E0%B8%99%E0%B8%8A%E0%B8%B1%E0%B9%88%E0%B8%99%E0%B9%81%E0%B8%99%E0%B8%A5%20%E0%B9%80%E0%B8%97%E0%B8%A3%E0%B8%94%E0%B8%94%E0%B8%B4%E0%B9%89%E0%B8%87%20%E0%B9%80%E0%B8%A5%E0%B8%82%E0%B8%97%E0%B8%B5%E0%B9%8898/252%E0%B8%AB%E0%B8%A1%E0%B8%B9%E0%B9%88%E0%B8%97%E0%B8%B5%E0%B9%8822
381017dc-3557-4c1b-b322-838b2a5ccf47,SKN,หจก.มี มอร์ เพ็ท ซัพพลาย,,,,https://www.google.com/maps/search/?api=1&query=%E0%B8%AB%E0%B8%88%E0%B8%81.%E0%B8%A1%E0%B8%B5%20%E0%B8%A1%E0%B8%AD%E0%B8%A3%E0%B9%8C%20%E0%B9%80%E0%B8%9E%E0%B9%87%E0%B8%97%20%E0%B8%8B%E0%B8%B1%E0%B8%9E%E0%B8%9E%E0%B8%A5%E0%B8%B2%E0%B8%A2%20%E0%B9%80%E0%B8%A5%E0%B8%82%E0%B8%97%E0%B8%B5%E0%B9%8845/19-20%E0%B8%AB%E0%B8%A1%E0%B8%B9%E0%B9%884%E0%B8%96.%E0%B8%9E%E0%B8%B1%E0%B8%92%E0%B8%99%E0%B8%B2%E0%B8%9B%E0%B8%A3%E0%B8%B0%E0%B9%80%E0%B8%AA%E0%B8%A3%E0%B8%B4%E0%B8%90
a6a00c62-1ee2-4695-a1cb-c2337ca1955b,SKN,หน้ามอ Pet Shop,,,,https://www.google.com/maps/search/?api=1&query=%E0%B8%AB%E0%B8%99%E0%B9%89%E0%B8%B2%E0%B8%A1%E0%B8%AD%20Pet%20Shop%209/1%E0%B8%A1.3
b6457000-0255-4306-babf-f65243cb9c2b,SKN,หม่งฮงพานิชย์,,,,https://www.google.com/maps/search/?api=1&query=%E0%B8%AB%E0%B8%A1%E0%B9%88%E0%B8%87%E0%B8%AE%E0%B8%87%E0%B8%9E%E0%B8%B2%E0%B8%99%E0%B8%B4%E0%B8%8A%E0%B8%A2%E0%B9%8C%20507-36-37
e09bf9ff-64aa-4571-8bcc-57c776be0a8b,SKN,หม่ามี๊ เพ็ทช็อป,,,,https://www.google.com/maps/search/?api=1&query=%E0%B8%AB%E0%B8%A1%E0%B9%88%E0%B8%B2%E0%B8%A1%E0%B8%B5%E0%B9%8A%20%E0%B9%80%E0%B8%9E%E0%B9%87%E0%B8%97%E0%B8%8A%E0%B9%87%E0%B8%AD%E0%B8%9B%202103/20%E0%B8%A1.15
b626e22b-5a75-4fcc-9a41-3122a385eacc,SKN,ห้างหุ้นส่วนจำกัด แบรดชิโร่,,,,https://www.google.com/maps/search/?api=1&query=%E0%B8%AB%E0%B9%89%E0%B8%B2%E0%B8%87%E0%B8%AB%E0%B8%B8%E0%B9%89%E0%B8%99%E0%B8%AA%E0%B9%88%E0%B8%A7%E0%B8%99%E0%B8%88%E0%B8%B3%E0%B8%81%E0%B8%B1%E0%B8%94%20%E0%B9%81%E0%B8%9A%E0%B8%A3%E0%B8%94%E0%B8%8A%E0%B8%B4%E0%B9%82%E0%B8%A3%E0%B9%88%20999/338%E0%B8%A1.2
5aa0574f-15ec-4f17-b17b-93a7fb6fb946,SKN,ห้างหุ้นส่วนสามัญ ทำเจริญ,,,,https://www.google.com/maps/search/?api=1&query=%E0%B8%AB%E0%B9%89%E0%B8%B2%E0%B8%87%E0%B8%AB%E0%B8%B8%E0%B9%89%E0%B8%99%E0%B8%AA%E0%B9%88%E0%B8%A7%E0%B8%99%E0%B8%AA%E0%B8%B2%E0%B8%A1%E0%B8%B1%E0%B8%8D%20%E0%B8%97%E0%B8%B3%E0%B9%80%E0%B8%88%E0%B8%A3%E0%B8%B4%E0%B8%8D%20%E0%B9%80%E0%B8%A5%E0%B8%82%E0%B8%97%E0%B8%B5%E0%B9%88102/1
8713f154-7ecb-4c96-a35b-98d2f91a7c87,SKN,อมตะ เพ็ทช็อป,,,,https://www.google.com/maps/search/?api=1&query=%E0%B8%AD%E0%B8%A1%E0%B8%95%E0%B8%B0%20%E0%B9%80%E0%B8%9E%E0%B9%87%E0%B8%97%E0%B8%8A%E0%B9%87%E0%B8%AD%E0%B8%9B%20%E0%B9%80%E0%B8%A5%E0%B8%82%E0%B8%97%E0%B8%B5%E0%B9%88888/11
6cd0875a-95f7-4056-b230-64b65cfc72bb,SKN,อมิโก้ เพ็ทช็อป,,,,https://www.google.com/maps/search/?api=1&query=%E0%B8%AD%E0%B8%A1%E0%B8%B4%E0%B9%82%E0%B8%81%E0%B9%89%20%E0%B9%80%E0%B8%9E%E0%B9%87%E0%B8%97%E0%B8%8A%E0%B9%87%E0%B8%AD%E0%B8%9B%20%E0%B9%80%E0%B8%A5%E0%B8%82%E0%B8%97%E0%B8%B5%E0%B9%8853%E0%B8%96%E0%B8%99%E0%B8%99%E0%B8%9B%E0%B8%97%E0%B8%B8%E0%B8%A1-%E0%B8%81%E0%B8%A3%E0%B8%B8%E0%B8%87%E0%B9%80%E0%B8%97%E0%B8%9E
cbf675dc-f673-4f7b-a82f-c93b1b0460da,SKN,อ้อเพื่อนรักสัตว์เลี้ยง,,,,https://www.google.com/maps/search/?api=1&query=%E0%B8%AD%E0%B9%89%E0%B8%AD%E0%B9%80%E0%B8%9E%E0%B8%B7%E0%B9%88%E0%B8%AD%E0%B8%99%E0%B8%A3%E0%B8%B1%E0%B8%81%E0%B8%AA%E0%B8%B1%E0%B8%95%E0%B8%A7%E0%B9%8C%E0%B9%80%E0%B8%A5%E0%B8%B5%E0%B9%89%E0%B8%A2%E0%B8%87%2033/157%E0%B8%AB%E0%B8%A1%E0%B8%B9%E0%B9%883
5ee1dd13-de4c-4553-9683-02f42758b379,SKN,อาร์เอส เพ็ท ออล สาขา The Grove,,,,https://www.google.com/maps/search/?api=1&query=%E0%B8%AD%E0%B8%B2%E0%B8%A3%E0%B9%8C%E0%B9%80%E0%B8%AD%E0%B8%AA%20%E0%B9%80%E0%B8%9E%E0%B9%87%E0%B8%97%20%E0%B8%AD%E0%B8%AD%E0%B8%A5%20%E0%B8%AA%E0%B8%B2%E0%B8%82%E0%B8%B2%20The%20Grove%20%E0%B8%AD%E0%B8%B2%E0%B8%84%E0%B8%B2%E0%B8%A3%E0%B9%80%E0%B8%A5%E0%B8%82%E0%B8%97%E0%B8%B5%E0%B9%8888%E0%B8%AB%E0%B8%A1%E0%B8%B9%E0%B9%8811%E0%B8%96%E0%B8%99%E0%B8%99%E0%B8%AB%E0%B8%97%E0%B8%B1%E0%B8%A2%E0%B8%A3%E0%B8%B2%E0%B8%A9%E0%B8%8E%E0%B8%A3%E0%B9%8C
5a9aca09-4838-4350-af80-072e3c6d4315,SKN,อินทัช เพ็ทช็อป,,,,https://www.google.com/maps/search/?api=1&query=%E0%B8%AD%E0%B8%B4%E0%B8%99%E0%B8%97%E0%B8%B1%E0%B8%8A%20%E0%B9%80%E0%B8%9E%E0%B9%87%E0%B8%97%E0%B8%8A%E0%B9%87%E0%B8%AD%E0%B8%9B%2044/2%E0%B8%96.%E0%B8%AA%E0%B8%B8%E0%B8%82%E0%B8%B2%E0%B8%9B%E0%B8%A3%E0%B8%B0%E0%B8%8A%E0%B8%B2%E0%B8%AA%E0%B8%A3%E0%B8%A3%E0%B8%84%E0%B9%8C3
cdd7b24b-64bb-4be3-9ef5-be6a07094385,SKN,อูโน่ เพ็ทช็อป,,,,https://www.google.com/maps/search/?api=1&query=%E0%B8%AD%E0%B8%B9%E0%B9%82%E0%B8%99%E0%B9%88%20%E0%B9%80%E0%B8%9E%E0%B9%87%E0%B8%97%E0%B8%8A%E0%B9%87%E0%B8%AD%E0%B8%9B%20251/109%E0%B8%8B%E0%B8%AD%E0%B8%A2%E0%B8%AB%E0%B8%A1%E0%B8%B9%E0%B9%88%E0%B8%9A%E0%B9%89%E0%B8%B2%E0%B8%99%E0%B8%99%E0%B8%A3%E0%B8%B2%E0%B8%A7%E0%B8%94%E0%B8%B5
27c618e0-b5ad-405c-aa3f-b9e172a0953e,SKN,แอร์วิลล่า อาหารสัตว์,,,,https://www.google.com/maps/search/?api=1&query=%E0%B9%81%E0%B8%AD%E0%B8%A3%E0%B9%8C%E0%B8%A7%E0%B8%B4%E0%B8%A5%E0%B8%A5%E0%B9%88%E0%B8%B2%20%E0%B8%AD%E0%B8%B2%E0%B8%AB%E0%B8%B2%E0%B8%A3%E0%B8%AA%E0%B8%B1%E0%B8%95%E0%B8%A7%E0%B9%8C%20%E0%B9%80%E0%B8%A5%E0%B8%82%E0%B8%97%E0%B8%B5%E0%B9%8812/1%E0%B8%AB%E0%B8%A1%E0%B8%B9%E0%B9%882%E0%B8%8B%E0%B8%AD%E0%B8%A2%E0%B9%80%E0%B8%9B%E0%B8%B5%E0%B8%A2%E0%B8%A3%E0%B9%8C%E0%B8%99%E0%B8%99%E0%B8%97%E0%B9%8C
dacb329e-75bb-4614-980b-1dbf6b0cf3d4,SKN,โอกะเนะ เพ็ทช็อป (คุณจิรฎฐ์ รัตน์วรนันท์),,,,https://www.google.com/maps/search/?api=1&query=%E0%B9%82%E0%B8%AD%E0%B8%81%E0%B8%B0%E0%B9%80%E0%B8%99%E0%B8%B0%20%E0%B9%80%E0%B8%9E%E0%B9%87%E0%B8%97%E0%B8%8A%E0%B9%87%E0%B8%AD%E0%B8%9B%20%28%E0%B8%84%E0%B8%B8%E0%B8%93%E0%B8%88%E0%B8%B4%E0%B8%A3%E0%B8%8E%E0%B8%90%E0%B9%8C%20%E0%B8%A3%E0%B8%B1%E0%B8%95%E0%B8%99%E0%B9%8C%E0%B8%A7%E0%B8%A3%E0%B8%99%E0%B8%B1%E0%B8%99%E0%B8%97%E0%B9%8C%29%2055/17%E0%B8%AB%E0%B8%A1%E0%B8%B9%E0%B9%882
34b552f4-a489-4822-a703-7c57fea518ab,SKN,แฮปปี้ พอส์ เพ็ทช็อป,,,,https://www.google.com/maps/search/?api=1&query=%E0%B9%81%E0%B8%AE%E0%B8%9B%E0%B8%9B%E0%B8%B5%E0%B9%89%20%E0%B8%9E%E0%B8%AD%E0%B8%AA%E0%B9%8C%20%E0%B9%80%E0%B8%9E%E0%B9%87%E0%B8%97%E0%B8%8A%E0%B9%87%E0%B8%AD%E0%B8%9B%20169/15%E0%B8%A1.4
81b46b2f-2d87-478a-810a-486ae323aaa9,SKN,แฮปปี้ไบทส์ เพ็ทช้อป,,,,https://www.google.com/maps/search/?api=1&query=%E0%B9%81%E0%B8%AE%E0%B8%9B%E0%B8%9B%E0%B8%B5%E0%B9%89%E0%B9%84%E0%B8%9A%E0%B8%97%E0%B8%AA%E0%B9%8C%20%E0%B9%80%E0%B8%9E%E0%B9%87%E0%B8%97%E0%B8%8A%E0%B9%89%E0%B8%AD%E0%B8%9B%205/6%E0%B8%AB%E0%B8%A1%E0%B8%B9%E0%B9%88%E0%B8%97%E0%B8%B5%E0%B9%888